,total_count,date
7181,2599,2016-01-05
5691,2270,2016-01-05
8138,3610,2016-01-05
271,6489,2016-01-05
2089,632,2016-01-07
1276,2528,2016-01-12
2113,43090,2016-01-12
8101,5881,2016-01-12
11825,4790,2016-01-12
6712,23538,2016-01-12
5101,11880,2016-01-12
1374,3506,2016-01-12
13608,26595,2016-01-12
9761,4439,2016-01-12
9406,11805,2016-01-12
3773,4874,2016-01-12
13017,4277,2016-01-12
1291,3535,2016-01-12
10620,3779,2016-01-12
1000,18591,2016-01-12
1101,11952,2016-01-12
1091,12893,2016-01-12
3230,5292,2016-01-12
8839,18324,2016-01-12
6699,16781,2016-01-12
8124,11743,2016-01-12
1566,7251,2016-01-12
13010,4456,2016-01-12
1257,5164,2016-01-12
5367,12827,2016-01-12
6706,16858,2016-01-14
6670,6218,2016-01-14
8082,23783,2016-01-14
4414,2673,2016-01-14
10122,18633,2016-01-14
6726,8902,2016-01-14
7776,10737,2016-01-14
1074,12232,2016-01-14
10130,18364,2016-01-19
9186,4269,2016-01-19
1022,6070,2016-01-19
13353,2345,2016-01-20
1258,4250,2016-01-21
7971,19550,2016-01-21
1551,21104,2016-01-28
2979,9419,2016-01-28
8278,11426,2016-01-28
2224,16858,2016-02-02
6396,3997,2016-02-02
10590,23211,2016-02-02
2177,21626,2016-02-02
1861,3553,2016-02-02
2196,6300,2016-02-02
2190,23374,2016-02-02
11627,10298,2016-02-02
2915,32804,2016-02-02
3363,26985,2016-02-02
3468,14878,2016-02-02
8190,5357,2016-02-02
2679,7542,2016-02-02
12319,1994,2016-02-03
4512,5247,2016-02-03
6684,12089,2016-02-03
3476,17914,2016-02-16
6465,15964,2016-02-16
13235,15023,2016-02-16
10774,21253,2016-02-16
2639,7889,2016-02-16
3399,37393,2016-02-23
5178,3594,2016-02-23
10502,27566,2016-02-25
8252,7638,2016-03-01
6785,10276,2016-03-01
1887,7531,2016-03-01
5440,22549,2016-03-01
10210,19352,2016-03-01
6130,25749,2016-03-01
10383,15906,2016-03-01
4968,6878,2016-03-01
4963,5768,2016-03-01
23,3474,2016-03-01
1893,7935,2016-03-01
7588,17223,2016-03-01
5983,6651,2016-03-01
12801,11628,2016-03-01
3935,4994,2016-03-01
350,11527,2016-03-01
4864,39916,2016-03-01
1739,10399,2016-03-01
9625,28516,2016-03-02
10983,5160,2016-03-02
13308,5977,2016-03-02
5429,4402,2016-03-02
12817,18431,2016-03-03
210,7422,2016-03-10
393,37557,2016-03-10
8287,5251,2016-03-16
12432,2896,2016-03-16
11082,9924,2016-03-22
9825,4114,2016-03-22
12343,3733,2016-03-22
7670,4414,2016-03-29
12932,3852,2016-03-29
12349,24256,2016-03-29
4858,21108,2016-03-29
7921,5207,2016-03-29
7911,6258,2016-03-29
1328,15259,2016-03-30
13,25715,2016-03-30
4103,3117,2016-03-30
270,7747,2016-03-30
644,3348,2016-03-30
7669,7174,2016-03-30
1765,10080,2016-03-30
3923,3662,2016-03-30
7211,15291,2016-03-30
12353,24323,2016-03-30
12871,10111,2016-03-30
1918,5894,2016-03-30
12910,12147,2016-03-30
12655,19516,2016-04-05
5580,48824,2016-04-05
1323,14547,2016-04-05
9662,3240,2016-04-05
1322,14547,2016-04-05
1756,11211,2016-04-05
5354,4747,2016-04-05
7596,30475,2016-04-06
6792,16600,2016-04-06
377,18672,2016-04-06
286,8391,2016-04-06
6761,3708,2016-04-06
96,4130,2016-04-06
54,5783,2016-04-06
10954,3788,2016-04-06
6974,5720,2016-04-06
6964,6738,2016-04-06
8715,13194,2016-04-06
223,13512,2016-04-06
7456,38446,2016-04-07
5018,38546,2016-04-07
10758,28161,2016-04-07
8105,16554,2016-04-14
8127,17824,2016-04-14
10759,22203,2016-04-19
13041,13953,2016-04-28
13148,3673,2016-04-28
5060,22028,2016-04-28
13260,10997,2016-05-03
12109,2838,2016-05-03
9501,14817,2016-05-03
6753,5449,2016-05-03
865,2958,2016-05-03
1559,4705,2016-05-03
3344,8417,2016-05-03
6457,6275,2016-05-03
13253,10870,2016-05-04
12987,5097,2016-05-04
5389,8889,2016-05-05
12664,22132,2016-05-05
1430,8185,2016-05-05
8773,19961,2016-05-05
4756,22269,2016-05-05
1203,23936,2016-05-10
1448,1182,2016-05-10
3971,1350,2016-05-10
8864,914,2016-05-10
9803,2468,2016-05-10
5379,1055,2016-05-10
10035,7983,2016-05-10
10204,14179,2016-05-10
4525,3094,2016-05-10
1612,3950,2016-05-10
13164,16769,2016-05-10
5232,7075,2016-05-11
12569,6933,2016-05-11
8799,26792,2016-05-11
8764,3687,2016-05-11
11360,8450,2016-05-11
5587,59210,2016-05-11
1606,4087,2016-05-11
5562,49773,2016-05-11
5575,40462,2016-05-11
13643,6651,2016-05-11
5221,13097,2016-05-12
12787,28866,2016-05-12
1159,20388,2016-05-12
1017,3901,2016-05-12
4811,24164,2016-05-12
12716,21344,2016-05-12
6548,34007,2016-05-12
12754,24425,2016-05-12
1195,24070,2016-05-12
3304,2004,2016-05-13
3342,18977,2016-05-17
8909,46187,2016-05-17
10798,14885,2016-05-18
8917,16732,2016-05-19
1614,7333,2016-05-19
1552,21284,2016-05-26
4852,25773,2016-05-26
9649,19788,2016-05-26
3012,6793,2016-05-26
2990,11933,2016-05-26
11365,7353,2016-05-26
8853,6495,2016-05-26
3345,21172,2016-05-26
13367,9160,2016-05-26
4057,10248,2016-05-26
4045,24550,2016-05-26
9958,15590,2016-06-08
2736,8673,2016-06-08
13209,5972,2016-06-08
12209,22161,2016-06-08
13189,2674,2016-06-08
3220,5725,2016-06-08
13316,6304,2016-06-08
13432,24284,2016-06-08
1938,6189,2016-06-08
13421,26356,2016-06-08
5487,2479,2016-06-09
7639,1736,2016-06-09
5492,8786,2016-06-09
13427,22354,2016-06-09
13426,21520,2016-06-09
6321,2892,2016-06-09
12325,24712,2016-06-09
13439,19618,2016-06-09
13466,30826,2016-06-09
1933,7504,2016-06-09
2115,24360,2016-06-16
6200,5859,2016-06-16
10030,47255,2016-06-16
9302,76673,2016-06-16
9294,20304,2016-06-16
12238,1070,2016-06-16
4660,3271,2016-06-16
11335,5797,2016-06-16
9552,37930,2016-06-16
10013,13888,2016-06-16
7262,10954,2016-06-16
7630,7868,2016-06-16
7887,14162,2016-06-16
13327,25291,2016-06-16
8379,27156,2016-06-16
8940,4447,2016-06-16
7153,6698,2016-06-16
11617,2809,2016-06-23
3463,13422,2016-06-23
12522,8875,2016-06-23
7063,14977,2016-06-28
13376,19473,2016-06-28
5597,6363,2016-06-28
12093,7031,2016-06-28
11864,1462,2016-06-29
8964,7161,2016-06-29
12296,14317,2016-06-29
10015,13501,2016-06-29
10660,1541,2016-06-29
9751,12133,2016-06-29
12284,19608,2016-06-29
10001,7086,2016-06-29
6208,12838,2016-06-29
6209,4634,2016-06-29
13462,14629,2016-06-29
10828,1771,2016-06-29
3592,17816,2016-06-30
10482,5740,2016-06-30
13204,10219,2016-06-30
4727,7894,2016-06-30
4445,3269,2016-06-30
10452,4647,2016-06-30
3184,5824,2016-06-30
11571,14261,2016-06-30
3575,11230,2016-06-30
12182,1838,2016-06-30
13451,29888,2016-06-30
5744,24375,2016-07-14
6975,5813,2016-07-14
4576,3712,2016-07-14
7512,5407,2016-07-14
6965,6793,2016-07-14
7493,9133,2016-07-14
6109,39765,2016-07-14
13068,4767,2016-07-20
7425,40660,2016-07-20
7417,50006,2016-07-20
5265,17063,2016-07-20
12443,27449,2016-07-25
10741,1711,2016-07-26
11719,6066,2016-07-26
13288,35301,2016-07-26
9445,10824,2016-07-26
12230,33116,2016-07-26
13269,53098,2016-07-26
3952,1289,2016-07-26
6900,3552,2016-07-26
13305,5353,2016-07-26
5300,3520,2016-07-26
13272,32852,2016-07-27
5900,43771,2016-07-27
2026,30586,2016-07-27
11713,41109,2016-07-27
7935,2648,2016-07-27
10694,8464,2016-07-27
7344,3808,2016-07-28
3527,7312,2016-07-28
7380,17255,2016-07-28
5718,18999,2016-07-28
7442,51344,2016-07-28
8678,18621,2016-07-28
5476,17552,2016-07-28
8724,17563,2016-07-28
10690,3310,2016-07-28
11013,9420,2016-07-28
9309,3903,2016-07-28
12371,1230,2016-08-03
1971,32317,2016-08-04
9359,3047,2016-08-04
13396,32461,2016-08-04
12370,3042,2016-08-04
9407,11381,2016-08-04
4670,6201,2016-08-04
4846,21193,2016-08-04
7806,1034,2016-08-09
2977,33612,2016-08-09
10792,9393,2016-08-09
7807,900,2016-08-09
6627,11075,2016-08-09
6626,10960,2016-08-09
8673,16999,2016-08-09
5534,39478,2016-08-09
1924,11537,2016-08-10
2595,9303,2016-08-10
2599,8934,2016-08-10
8091,10998,2016-08-10
919,2080,2016-08-10
9409,11217,2016-08-10
528,4064,2016-08-10
527,2402,2016-08-10
6540,17342,2016-08-10
4403,1554,2016-08-11
4401,2101,2016-08-11
6462,3625,2016-08-18
12183,1687,2016-08-18
10365,15068,2016-08-19
13178,15431,2016-08-24
11923,18585,2016-08-24
11919,19055,2016-08-24
2407,18592,2016-08-24
7860,8914,2016-08-24
6472,10469,2016-08-24
3430,41882,2016-08-24
13165,15962,2016-08-24
13499,5767,2016-08-25
13520,4029,2016-08-25
13510,5119,2016-08-25
2398,21791,2016-08-25
8581,52411,2016-08-30
8416,58935,2016-08-30
9931,7346,2016-08-30
8588,53223,2016-08-30
8451,49828,2016-08-30
2403,21980,2016-08-30
8551,51280,2016-08-30
8481,32749,2016-08-31
7290,16143,2016-08-31
8616,17224,2016-08-31
9322,16144,2016-08-31
2359,16767,2016-08-31
2458,12753,2016-08-31
8572,51460,2016-08-31
7323,16057,2016-08-31
1471,25391,2016-09-06
2045,35532,2016-09-06
7113,17484,2016-09-06
9238,10558,2016-09-06
9234,18256,2016-09-06
9230,12873,2016-09-06
7067,22672,2016-09-06
4209,20980,2016-09-06
7074,23667,2016-09-06
6902,2874,2016-09-06
3908,50578,2016-09-07
2039,35050,2016-09-07
1476,26061,2016-09-07
1966,58950,2016-09-07
9197,12883,2016-09-07
1463,27797,2016-09-07
3895,29336,2016-09-08
11094,4115,2016-09-08
4166,7679,2016-09-08
4222,11884,2016-09-08
2060,50375,2016-09-08
2000,22568,2016-09-08
11254,7976,2016-09-08
12320,1867,2016-09-13
1491,25555,2016-09-13
13354,1714,2016-09-13
12570,6713,2016-09-15
1946,5408,2016-09-15
2973,8372,2016-09-15
4402,1299,2016-09-15
1947,3937,2016-09-15
4400,1812,2016-09-15
8759,7020,2016-09-15
13056,19616,2016-09-17
13057,16131,2016-09-18
7450,6674,2016-09-20
7033,22858,2016-09-20
7032,8707,2016-09-20
6066,7673,2016-09-21
8301,19207,2016-09-21
7451,6328,2016-09-21
5570,35052,2016-09-21
12100,7675,2016-09-21
7040,11749,2016-09-22
4984,4635,2016-09-22
9878,3394,2016-09-22
4978,4299,2016-09-22
3879,31570,2016-09-22
4382,8050,2016-09-22
11447,10442,2016-09-22
7452,7185,2016-09-22
11090,4510,2016-09-22
1699,5681,2016-09-22
8312,6585,2016-09-22
11244,13349,2016-09-27
2908,10988,2016-09-27
3017,7090,2016-09-27
10720,27686,2016-09-27
8819,12100,2016-09-28
2877,14465,2016-09-28
1500,14828,2016-09-28
9212,4965,2016-09-28
1481,52257,2016-09-28
9211,8350,2016-09-28
2347,6072,2016-09-28
11476,10337,2016-09-28
11480,8659,2016-09-29
11199,14158,2016-09-29
1772,6523,2016-09-29
4639,4754,2016-09-29
3880,10295,2016-09-29
11501,12033,2016-09-29
6360,12693,2016-09-29
13156,4112,2016-09-29
12395,23910,2016-09-29
10994,19567,2016-09-29
2068,33963,2016-09-29
8815,13960,2016-09-29
6364,13419,2016-09-29
3241,3373,2016-09-29
11192,5017,2016-09-29
1641,3413,2016-09-29
11219,5090,2016-09-29
5171,2179,2016-10-04
7195,3661,2016-10-04
2578,11064,2016-10-04
2621,16089,2016-10-04
4682,2133,2016-10-04
4690,3547,2016-10-04
684,8574,2016-10-04
409,5275,2016-10-04
406,5830,2016-10-04
829,5346,2016-10-04
8054,11132,2016-10-05
328,7607,2016-10-05
469,11862,2016-10-05
701,6310,2016-10-05
2594,9830,2016-10-05
675,7519,2016-10-05
6663,6360,2016-10-05
2643,8260,2016-10-06
8046,9681,2016-10-06
7952,7465,2016-10-06
5676,11030,2016-10-06
11262,1377,2016-10-06
8063,9761,2016-10-06
624,12363,2016-10-06
6655,6651,2016-10-06
8059,9798,2016-10-06
3661,14104,2016-10-06
2700,8432,2016-10-06
2590,11128,2016-10-06
816,6394,2016-10-06
499,16072,2016-10-06
10903,13127,2016-10-11
9299,9661,2016-10-11
9954,12104,2016-10-11
2647,15712,2016-10-12
3657,6586,2016-10-12
4307,5985,2016-10-13
11736,10826,2016-10-16
2890,7925,2016-10-19
4188,20305,2016-10-19
6241,20035,2016-10-20
5625,4499,2016-10-20
1693,8145,2016-10-20
874,11759,2016-10-20
189,10923,2016-10-20
2894,16938,2016-10-20
11223,18048,2016-10-20
372,4676,2016-10-20
252,8098,2016-10-20
6355,10177,2016-10-20
6288,5896,2016-10-20
6267,20689,2016-10-20
8020,11957,2016-10-20
5650,13960,2016-10-20
165,13209,2016-10-25
238,11703,2016-10-25
706,16206,2016-10-25
160,9333,2016-10-25
480,9224,2016-10-25
544,10590,2016-10-25
648,9343,2016-10-25
140,7159,2016-10-25
627,6288,2016-10-25
473,12930,2016-10-25
226,11670,2016-10-25
146,8196,2016-10-25
5601,14627,2016-10-25
611,11978,2016-10-25
5663,13174,2016-10-26
12106,4004,2016-10-26
7782,9721,2016-10-26
2638,10002,2016-10-26
5667,11895,2016-10-27
5139,7690,2016-10-27
5149,11951,2016-10-27
2573,11983,2016-10-27
4693,4378,2016-10-27
2603,9215,2016-10-27
669,6028,2016-11-03
691,8359,2016-11-03
9678,18583,2016-11-03
9385,12495,2016-11-03
9033,15178,2016-11-08
13049,7670,2016-11-08
5519,40610,2016-11-08
8333,24454,2016-11-08
9024,15700,2016-11-08
6868,4641,2016-11-08
5003,1537,2016-11-09
5002,2257,2016-11-09
5596,22557,2016-11-09
7732,21944,2016-11-09
12310,22310,2016-11-09
516,10098,2016-11-15
9134,1776,2016-11-15
12622,20722,2016-11-15
12264,4065,2016-11-15
9154,4297,2016-11-16
5844,28594,2016-11-16
11080,3003,2016-11-16
8988,11887,2016-11-16
7659,7520,2016-11-16
8968,5602,2016-11-16
9122,13661,2016-11-16
1370,2585,2016-11-16
6175,3676,2016-11-16
8353,21162,2016-11-16
9126,12252,2016-11-16
1816,5176,2016-11-16
3832,26376,2016-11-16
1395,4084,2016-11-16
8330,4498,2016-11-16
8983,17706,2016-11-16
3835,36446,2016-11-16
9008,11608,2016-11-17
6061,3274,2016-11-17
9099,9912,2016-11-17
3870,17264,2016-11-17
1708,5341,2016-11-17
9353,13841,2016-11-17
7750,3005,2016-11-17
1712,6801,2016-11-17
7238,7538,2016-11-29
3807,28872,2016-11-29
3804,26816,2016-11-29
9826,5473,2016-11-29
9602,16325,2016-11-29
1798,3102,2016-11-29
7737,14382,2016-11-29
1704,3568,2016-11-29
1787,6473,2016-11-29
1775,4918,2016-11-29
9115,5470,2016-11-29
5868,20988,2016-11-29
8175,10204,2016-11-29
2148,5908,2016-11-29
2145,4553,2016-11-29
4130,4869,2016-11-29
5863,19416,2016-11-29
10906,14982,2016-11-30
5879,24986,2016-11-30
10910,10437,2016-11-30
10914,16200,2016-11-30
3703,2535,2016-11-30
3687,5553,2016-11-30
5888,19843,2016-11-30
5800,32680,2016-11-30
5398,6341,2016-11-30
9078,9049,2016-11-30
4569,7149,2016-11-30
5325,11524,2016-11-30
9094,7382,2016-11-30
10893,17608,2016-11-30
6052,13084,2016-11-30
6038,19211,2016-11-30
4553,8204,2016-11-30
7429,45149,2016-11-30
2796,3454,2016-12-01
2297,9232,2016-12-01
11427,24750,2016-12-01
4365,17353,2016-12-01
1849,4525,2016-12-01
11420,15095,2016-12-01
13576,12808,2016-12-06
4362,10791,2016-12-06
4656,7032,2016-12-06
2322,5904,2016-12-06
2316,11049,2016-12-06
9837,5112,2016-12-06
10287,4978,2016-12-07
11842,16743,2016-12-07
11775,2333,2016-12-08
11784,3767,2016-12-08
9856,8491,2016-12-08
13034,1013,2016-12-08
11506,5808,2016-12-08
1510,6638,2016-12-08
1529,6737,2016-12-08
9831,5003,2016-12-08
4254,27005,2016-12-13
4259,29497,2016-12-13
12409,11781,2016-12-13
11549,1351,2016-12-13
11519,5346,2016-12-13
11540,22619,2016-12-13
10076,19553,2016-12-13
2282,12286,2016-12-13
4519,8122,2016-12-13
6514,6831,2016-12-13
9819,8949,2016-12-13
12369,2959,2016-12-13
6510,8041,2016-12-14
10072,19903,2016-12-14
7962,23928,2016-12-15
8948,2347,2016-12-15
2130,6847,2017-01-11
1096,10714,2017-01-11
7978,19215,2017-01-11
954,3414,2017-01-11
5068,26203,2017-01-11
8137,11461,2017-01-11
8327,5743,2017-01-11
1239,6378,2017-01-11
6717,19189,2017-01-11
11388,5545,2017-01-12
11806,7069,2017-01-12
1058,12151,2017-01-12
945,3585,2017-01-12
9419,12030,2017-01-12
1571,3304,2017-01-18
6735,22743,2017-01-18
6694,20209,2017-01-18
10630,2443,2017-01-18
1252,3468,2017-01-18
5086,11652,2017-01-18
2542,4156,2017-01-18
12954,8813,2017-01-18
9700,8763,2017-01-18
995,18105,2017-01-31
6721,12157,2017-01-31
1222,4282,2017-01-31
12258,2640,2017-01-31
8095,11126,2017-01-31
7803,5294,2017-02-02
7802,5404,2017-02-02
7566,8168,2017-02-07
10756,21934,2017-02-08
10129,18256,2017-02-08
10339,4106,2017-02-08
11650,7751,2017-02-08
11730,2983,2017-02-08
10849,3074,2017-02-08
1825,4715,2017-02-08
1365,4300,2017-02-08
13572,4875,2017-02-08
10520,21049,2017-02-09
1379,2839,2017-02-09
2253,4168,2017-02-09
13231,13946,2017-02-09
13223,14814,2017-02-15
6873,6681,2017-02-15
2087,1039,2017-02-15
10327,1881,2017-02-15
11659,13569,2017-02-15
8200,6541,2017-02-15
13236,15257,2017-02-15
10490,21591,2017-02-15
12134,8022,2017-02-15
12242,2191,2017-02-15
13665,9537,2017-02-15
13038,6623,2017-02-15
11616,2384,2017-02-15
1844,3853,2017-02-15
9744,5706,2017-02-15
13660,7300,2017-02-15
10778,45527,2017-02-15
3343,16074,2017-02-28
13669,7890,2017-02-28
2374,16679,2017-02-28
11269,5344,2017-02-28
4640,4256,2017-02-28
10812,26213,2017-02-28
3389,24179,2017-02-28
10307,15623,2017-02-28
3383,9556,2017-02-28
10784,14058,2017-02-28
12591,8117,2017-02-28
2183,19730,2017-02-28
12055,13509,2017-02-28
2233,17055,2017-02-28
3360,23422,2017-02-28
6439,11479,2017-02-28
3393,7762,2017-02-28
11952,4552,2017-02-28
1875,2822,2017-02-28
11655,20120,2017-03-01
12068,3591,2017-03-01
10638,36252,2017-03-01
4700,5213,2017-03-01
12315,31407,2017-03-01
10937,10646,2017-03-07
10279,3679,2017-03-07
12889,10053,2017-03-07
8240,3423,2017-03-07
12881,5779,2017-03-07
10929,6954,2017-03-07
11057,10126,2017-03-07
12920,2975,2017-03-07
5459,8029,2017-03-07
794,8849,2017-03-07
299,11257,2017-03-08
4947,4192,2017-03-08
10923,20911,2017-03-15
6802,24058,2017-03-15
7448,3246,2017-03-15
77,5547,2017-03-15
6596,4160,2017-03-15
12974,7685,2017-03-15
13619,7198,2017-03-15
12415,13612,2017-03-15
7187,3157,2017-03-16
7175,3222,2017-03-16
7200,5433,2017-03-16
7602,27410,2017-03-16
10318,9086,2017-03-28
3216,4242,2017-04-19
3420,23283,2017-04-25
13661,10214,2017-04-25
3406,865,2017-04-25
2925,45686,2017-04-25
2920,49878,2017-04-26
5926,17716,2017-04-27
13672,1431,2017-04-27
10089,47325,2017-05-03
563,4848,2017-05-03
11539,20890,2017-05-03
11812,7912,2017-05-03
13585,2713,2017-05-03
10063,44348,2017-05-03
562,901,2017-05-03
10085,73584,2017-05-03
11544,37102,2017-05-03
13298,12613,2017-05-04
9020,17945,2017-05-04
4776,21585,2017-05-11
4800,22198,2017-05-11
1599,1580,2017-05-11
1793,771,2017-05-11
13673,543,2017-05-25
545,8005,2017-07-26
12861,13513,2017-07-26
13344,2859,2017-07-26
10198,14274,2017-07-27
11049,7526,2017-07-27
11635,50731,2017-07-27
7039,7103,2017-07-27
7037,3156,2017-07-27
4369,9789,2017-07-27
13343,21795,2017-07-27
4665,2468,2017-07-27
8896,23761,2017-07-27
11050,4819,2017-07-27
11611,11536,2017-07-27
576,3702,2017-07-27
11612,4779,2017-08-01
11631,59976,2017-08-01
13195,7405,2017-08-22
5884,19047,2017-08-22
9944,7646,2017-09-12
13529,7494,2017-09-12
9945,7646,2017-09-12
13528,7494,2017-09-12
5956,7139,2017-09-13
10263,5322,2017-09-13
6159,4538,2017-09-13
5408,5590,2017-09-13
5783,9181,2017-09-13
8431,57844,2017-09-13
13492,2547,2017-09-13
13534,19697,2017-09-13
13514,8677,2017-09-13
2425,29290,2017-09-13
8497,79768,2017-09-14
3610,3648,2017-09-19
10648,44317,2017-09-19
13166,17569,2017-09-19
842,4698,2017-09-19
9517,5281,2017-09-26
2768,3240,2017-09-26
10835,8703,2017-09-26
13052,26404,2017-09-26
8539,4285,2017-09-26
11935,14059,2017-09-26
11559,4450,2017-09-26
3065,16756,2017-09-26
9949,17212,2017-09-26
6421,6755,2017-09-26
12969,8647,2017-09-26
8456,48274,2017-09-26
10251,3633,2017-09-26
3106,18114,2017-09-26
9347,3047,2017-09-26
2369,24321,2017-09-27
13479,4445,2017-09-27
10247,7590,2017-09-27
8489,43173,2017-09-27
3076,26126,2017-09-27
3083,22810,2017-09-27
8446,50322,2017-09-27
8493,58919,2017-09-27
9726,4872,2017-09-27
1391,15253,2017-09-28
8976,10228,2017-09-28
3099,20605,2017-09-28
2771,11351,2017-09-28
2775,14042,2017-09-28
12516,4627,2017-09-28
5422,8430,2017-09-28
3515,12238,2017-09-28
3111,9759,2017-09-28
7157,3990,2017-09-28
2738,5575,2017-10-17
2443,35609,2017-10-18
3690,2812,2017-10-18
8430,54112,2017-10-18
4989,2831,2017-10-18
6981,7862,2017-10-18
11200,15086,2017-10-18
1485,29145,2017-10-18
7127,18907,2017-10-18
1387,11905,2017-10-18
6401,4547,2017-10-18
3497,13216,2017-10-18
13053,39365,2017-10-18
13055,21492,2017-10-18
12428,3299,2017-10-18
1503,24903,2017-10-18
11315,320,2017-10-18
8209,3514,2017-10-18
4634,8549,2017-10-18
12529,6874,2017-10-18
3408,18246,2017-10-24
5335,7572,2017-10-25
8307,10469,2017-10-25
8612,15558,2017-10-25
6368,11803,2017-10-26
7100,26777,2017-10-26
3249,11666,2017-10-26
2899,4886,2017-10-26
9882,2468,2017-10-26
2883,18180,2017-10-26
1495,19423,2017-11-07
4357,3092,2017-11-07
2169,7357,2017-11-29
3201,4127,2017-11-29
11239,18064,2017-11-29
6190,3400,2017-11-29
8295,19040,2017-11-29
3742,4896,2017-11-29
7133,26256,2017-11-29
5641,5030,2017-11-29
10750,2262,2017-11-29
8603,41217,2017-11-29
5541,43313,2017-11-29
8563,46245,2017-11-30
5537,41209,2017-11-30
4482,1764,2017-12-14
8754,11889,2018-01-11
2510,2263,2018-01-16
9145,3589,2018-01-16
7549,1755,2018-01-17
9777,5576,2018-01-17
4601,12355,2018-01-17
1247,5241,2018-01-17
6740,26956,2018-01-17
11165,34368,2018-01-17
9683,14205,2018-01-17
977,5111,2018-01-17
4613,10890,2018-01-17
1235,3260,2018-01-17
9693,6083,2018-01-17
6482,5103,2018-01-18
8087,20730,2018-01-18
5077,22332,2018-01-18
6490,3389,2018-01-18
9846,22504,2018-01-23
2287,17686,2018-01-23
10410,18040,2018-01-23
9851,11880,2018-01-23
10141,14969,2018-01-24
10404,10920,2018-01-24
9861,21095,2018-01-24
4518,14639,2018-01-24
6216,2965,2018-01-30
5502,2792,2018-01-30
8115,9154,2018-01-30
1297,4109,2018-02-06
4627,2740,2018-02-06
13630,15193,2018-02-06
12980,11764,2018-02-06
7900,3073,2018-02-06
8284,9794,2018-02-06
10609,5549,2018-02-06
5376,19216,2018-02-06
1084,12343,2018-02-07
11836,10710,2018-02-07
2547,12004,2018-02-07
13607,21977,2018-02-07
1591,9613,2018-02-07
2659,2892,2018-02-07
11830,11875,2018-02-07
8271,5166,2018-02-08
10615,5413,2018-02-08
6044,20379,2018-02-08
10791,1568,2018-02-08
7138,4269,2018-02-08
1850,5383,2018-02-08
7984,7310,2018-02-08
3235,10320,2018-02-13
11291,2345,2018-02-15
10804,30241,2018-02-20
2468,4677,2018-02-20
2439,14506,2018-02-20
5319,4543,2018-02-20
2454,13326,2018-02-20
4334,4208,2018-02-20
10313,3995,2018-02-20
12024,12811,2018-02-20
10809,32259,2018-02-20
4911,14363,2018-02-21
3492,19690,2018-02-21
1870,4517,2018-02-21
11667,5698,2018-02-21
11621,10942,2018-02-21
10564,25255,2018-02-21
12585,6766,2018-02-21
3377,42082,2018-02-22
4435,4431,2018-02-22
12147,7817,2018-02-22
3338,16515,2018-02-22
11765,6322,2018-02-22
6431,10171,2018-02-22
10363,15879,2018-02-22
10188,5897,2018-02-27
7480,9843,2018-02-28
8649,60343,2018-03-06
1339,10241,2018-03-13
1746,11265,2018-03-13
1902,11117,2018-03-13
1359,5580,2018-03-13
216,11673,2018-03-13
387,30399,2018-03-13
156,9805,2018-03-13
336,17536,2018-03-13
293,9944,2018-03-13
430,3875,2018-03-13
90,3118,2018-03-13
3611,6059,2018-03-13
84,4874,2018-03-13
43,5262,2018-03-13
453,20581,2018-03-13
197,6871,2018-03-13
247,8339,2018-03-13
485,7911,2018-03-13
234,22129,2018-03-13
6798,8704,2018-03-14
6346,24271,2018-03-14
5434,13784,2018-03-14
6809,7003,2018-03-14
6142,22208,2018-03-14
8180,4353,2018-03-14
6777,3376,2018-03-14
751,10012,2018-03-14
6771,5034,2018-03-14
4973,7347,2018-03-14
7554,10031,2018-03-14
7576,13108,2018-03-14
5989,5091,2018-03-14
3619,8329,2018-03-14
5998,2065,2018-03-14
4113,3724,2018-03-15
7905,7760,2018-03-15
12890,7581,2018-03-15
4839,22470,2018-03-15
11206,1885,2018-03-15
12882,4739,2018-03-15
1441,11995,2018-03-15
5460,6471,2018-03-15
795,9648,2018-03-15
5454,7399,2018-03-15
7915,3985,2018-03-15
6614,6954,2018-03-15
7165,7127,2018-03-15
7687,5511,2018-03-15
3626,2630,2018-03-15
60,7715,2018-03-15
8241,3856,2018-03-15
6602,6907,2018-03-15
12921,3352,2018-03-15
6597,3465,2018-03-15
78,9299,2018-03-15
6608,6038,2018-03-15
11600,2758,2018-03-20
2815,18377,2018-03-21
2814,12557,2018-03-21
7603,27147,2018-03-21
11058,11118,2018-03-21
7188,8564,2018-03-21
6803,23649,2018-03-21
7176,5378,2018-03-21
4948,5913,2018-03-21
300,8868,2018-03-21
11818,9379,2018-03-21
7201,7432,2018-03-21
8650,57993,2018-03-22
12975,6477,2018-03-27
11678,3948,2018-03-27
10508,20972,2018-03-27
2244,10675,2018-03-27
10938,10866,2018-03-27
10649,47222,2018-03-27
10579,22157,2018-03-27
2225,20109,2018-03-27
10570,20395,2018-03-27
10280,5905,2018-03-27
12416,12437,2018-03-27
10931,8571,2018-03-27
13620,7336,2018-03-27
10308,8136,2018-03-27
10924,18170,2018-03-27
12405,3727,2018-03-27
6450,1899,2018-03-27
2811,31320,2018-03-27
1840,4113,2018-03-27
13218,7740,2018-03-27
2810,46299,2018-03-28
3368,35759,2018-03-28
10323,4030,2018-03-28
3448,13381,2018-03-28
2809,44128,2018-03-28
10554,17272,2018-03-28
10457,6123,2018-03-28
7449,6473,2018-03-28
3398,24211,2018-03-28
11281,11166,2018-03-28
11642,36124,2018-03-29
8810,29908,2018-03-29
7798,6106,2018-03-29
8750,18460,2018-03-29
8319,16036,2018-03-29
5107,4038,2018-03-29
10768,40913,2018-03-29
2207,16110,2018-03-29
11271,14808,2018-03-29
2202,24054,2018-03-29
10773,31766,2018-03-29
5113,4591,2018-03-29
11298,2950,2018-03-29
11067,2955,2018-04-03
11391,4843,2018-04-03
3764,5076,2018-04-03
1422,19371,2018-04-03
5262,16177,2018-04-03
13240,4463,2018-04-03
9889,4544,2018-04-03
6532,18263,2018-04-03
1145,20118,2018-04-03
5007,15246,2018-04-03
12717,18973,2018-04-03
10102,16052,2018-04-03
12549,2420,2018-04-03
11327,2211,2018-04-03
5192,21069,2018-04-03
6907,7988,2018-04-03
2516,6125,2018-04-03
11686,10396,2018-04-03
6536,17592,2018-04-03
12686,26458,2018-04-03
5061,29112,2018-04-04
5250,9355,2018-04-04
11293,3441,2018-04-04
5188,17471,2018-04-04
12159,3121,2018-04-04
5198,36487,2018-04-04
5278,11746,2018-04-04
3642,4245,2018-04-04
12788,29420,2018-04-04
12755,24938,2018-04-04
1039,4660,2018-04-04
5359,5570,2018-04-04
1010,4246,2018-04-04
930,3648,2018-04-04
11723,2941,2018-04-04
2134,3758,2018-04-04
1446,6130,2018-04-04
4077,9382,2018-04-04
9797,7267,2018-04-05
13382,21652,2018-04-05
8877,22262,2018-04-05
1637,2484,2018-04-05
5212,11527,2018-04-05
3683,5284,2018-04-05
3675,3593,2018-04-05
11095,3912,2018-04-05
6025,3642,2018-04-05
4757,22048,2018-04-05
12327,17171,2018-04-05
11793,7352,2018-04-05
9802,7136,2018-04-05
5240,87515,2018-04-05
5019,35086,2018-04-05
10243,3497,2018-04-05
11263,4264,2018-04-05
3605,1877,2018-04-05
12172,2073,2018-04-05
3903,17758,2018-04-05
3760,4509,2018-04-05
5496,2580,2018-04-05
9239,3812,2018-04-05
4578,1077,2018-04-10
3985,22766,2018-04-10
8144,2749,2018-04-10
9922,4179,2018-04-10
12836,15033,2018-04-10
8149,2385,2018-04-10
12535,3220,2018-04-10
1662,5332,2018-04-10
8155,4776,2018-04-10
4072,10060,2018-04-10
1434,6052,2018-04-10
11745,1736,2018-04-10
7019,9624,2018-04-10
903,5404,2018-04-10
9089,2325,2018-04-10
8161,4297,2018-04-10
11671,3358,2018-04-10
2777,1295,2018-04-11
3979,24448,2018-04-11
1311,30557,2018-04-11
8915,12022,2018-04-11
1169,4134,2018-04-11
8910,41342,2018-04-11
8886,27216,2018-04-11
8871,26908,2018-04-11
8926,18655,2018-04-11
3997,29167,2018-04-11
3133,2899,2018-04-11
8933,26763,2018-04-11
3178,11269,2018-04-11
4037,36313,2018-04-11
3138,6444,2018-04-11
1627,7916,2018-04-11
4006,36423,2018-04-11
1618,7562,2018-04-11
4030,20878,2018-04-11
4646,2880,2018-04-12
1411,2249,2018-04-12
1303,26244,2018-04-12
5256,10245,2018-04-12
1160,23777,2018-04-12
1150,2540,2018-04-12
5241,77138,2018-04-12
5205,8972,2018-04-12
10944,3561,2018-04-12
10858,6785,2018-04-17
12523,4894,2018-04-17
12860,23906,2018-04-17
12850,14460,2018-04-17
10680,3045,2018-04-17
12826,19224,2018-04-17
10655,6568,2018-04-17
12796,20086,2018-04-17
12778,20522,2018-04-17
12770,22601,2018-04-17
12739,23124,2018-04-17
12735,20979,2018-04-17
12672,15340,2018-04-17
12635,15570,2018-04-17
10221,13797,2018-04-17
10231,10952,2018-04-17
10447,6281,2018-04-17
9722,8246,2018-04-17
12705,21100,2018-04-17
13690,6274,2018-04-17
12126,4468,2018-04-17
11512,14208,2018-04-17
12117,1791,2018-04-17
12916,3008,2018-04-18
12429,2903,2018-04-18
2141,9934,2018-04-18
7328,7671,2018-04-18
2127,3285,2018-04-18
1854,4078,2018-04-18
5360,4215,2018-04-18
1066,9329,2018-04-18
5342,8774,2018-04-18
12902,6310,2018-04-18
12909,7443,2018-04-18
1175,22735,2018-04-18
1054,14045,2018-04-18
8210,3481,2018-04-18
4058,10305,2018-04-18
11053,4867,2018-04-19
10547,21962,2018-04-19
1031,6232,2018-04-19
9785,10574,2018-04-19
1006,7368,2018-04-19
937,2551,2018-04-19
12338,12049,2018-04-19
894,6161,2018-04-19
7524,3281,2018-04-19
11023,6344,2018-04-19
11029,10773,2018-04-19
11035,11599,2018-04-19
3759,3998,2018-04-19
12364,7996,2018-04-19
778,10644,2018-04-24
12154,4004,2018-04-24
10597,3473,2018-04-24
1265,4360,2018-04-24
7245,3607,2018-04-24
3639,3334,2018-04-24
10745,4688,2018-04-24
3648,5426,2018-04-24
8166,3783,2018-04-24
1133,19416,2018-04-24
4073,4670,2018-04-24
1404,13596,2018-04-24
766,4583,2018-04-24
1418,15526,2018-04-24
4817,23943,2018-04-25
8227,4419,2018-04-25
8221,4023,2018-04-25
10216,7427,2018-04-25
4766,27570,2018-04-25
4834,22460,2018-04-25
8234,3685,2018-04-25
5049,9980,2018-04-25
784,11711,2018-04-26
7676,4024,2018-04-26
2504,3394,2018-04-26
6554,17803,2018-04-26
926,4437,2018-04-26
4068,11164,2018-04-26
12254,6048,2018-04-26
2524,4057,2018-04-26
5040,6999,2018-04-26
9312,6992,2018-04-26
5095,11039,2018-04-26
13556,8318,2018-04-26
813,1892,2018-04-26
744,10138,2018-04-26
12665,22518,2018-05-01
789,8715,2018-05-01
3627,2647,2018-05-01
9540,4547,2018-05-01
773,6575,2018-05-01
7528,3204,2018-05-01
799,9938,2018-05-01
13551,6349,2018-05-01
727,8274,2018-05-01
13566,5376,2018-05-01
13615,10417,2018-05-01
11563,7456,2018-05-02
5777,4504,2018-05-02
1228,3830,2018-05-02
12574,5778,2018-05-02
4015,22129,2018-05-02
9660,2970,2018-05-03
3060,2141,2018-05-03
13366,3583,2018-05-03
13540,20264,2018-05-03
854,6210,2018-05-05
10862,5723,2018-05-08
866,4378,2018-05-08
7005,4279,2018-05-08
9639,6172,2018-05-08
732,3898,2018-05-08
5393,6399,2018-05-08
770,10697,2018-05-08
10239,6255,2018-05-15
2812,6895,2018-05-15
11008,9204,2018-05-15
1876,2852,2018-05-15
8791,16744,2018-05-16
9223,2820,2018-05-16
7473,11555,2018-05-16
9488,41539,2018-05-16
4031,21423,2018-05-16
11074,1895,2018-05-16
8783,16613,2018-05-16
9470,20614,2018-05-16
7927,3272,2018-05-16
7940,1241,2018-05-16
4425,7034,2018-05-16
8804,19746,2018-05-16
9482,19394,2018-05-16
7517,2520,2018-05-16
6915,6618,2018-05-17
9487,14594,2018-05-17
9218,2870,2018-05-17
6936,8940,2018-05-17
6009,6907,2018-05-17
7478,8980,2018-05-17
3980,24818,2018-05-17
8872,27150,2018-05-22
8777,26396,2018-05-22
9792,6477,2018-05-22
8846,3602,2018-05-22
4090,22693,2018-05-22
1304,27473,2018-05-22
3139,6633,2018-05-23
12996,6833,2018-05-23
10671,4894,2018-05-23
13377,20788,2018-05-23
9812,4249,2018-05-23
9476,16516,2018-05-23
12965,5762,2018-05-23
4825,25501,2018-05-23
9563,23506,2018-05-24
2728,5307,2018-05-24
12961,3579,2018-05-24
13651,6517,2018-05-24
12202,5212,2018-05-24
5964,6719,2018-05-24
9283,12035,2018-05-24
2124,6187,2018-05-24
11108,14905,2018-05-24
11170,16041,2018-05-24
9293,7886,2018-05-24
9259,37319,2018-05-24
6701,17149,2018-06-13
8824,1391,2018-06-13
8823,2343,2018-06-13
572,2108,2018-06-13
4853,20838,2018-06-13
6728,19450,2018-06-13
11384,2829,2018-06-13
12647,19011,2018-06-27
5646,11236,2018-06-27
488,3493,2018-06-27
487,7849,2018-06-27
10114,16559,2018-06-27
10113,16590,2018-06-27
4416,3097,2018-06-27
6518,5083,2018-09-27
6502,4249,2018-09-27
8196,2641,2018-10-03
7426,43433,2018-10-04
394,34458,2018-10-04
7544,2646,2018-10-04
6152,1617,2018-10-04
11211,4763,2018-10-23
10432,4330,2018-10-23
5411,3987,2018-10-23
3251,6071,2018-10-23
3785,16719,2018-10-23
11907,16522,2018-10-23
12940,5299,2018-10-23
2326,14695,2018-10-23
3225,4139,2018-10-24
1595,3920,2018-10-24
12473,25000,2018-10-24
13078,3327,2018-10-24
608,4013,2018-10-24
9891,472,2018-10-25
2104,8703,2018-10-25
3449,11412,2018-10-25
7350,4490,2018-10-25
6818,19305,2018-10-25
920,7005,2018-10-30
4430,1870,2018-11-15
4447,31768,2018-11-15
5114,4130,2018-11-15
7614,9231,2018-11-15
638,4091,2018-11-15
11462,4169,2018-11-15
4579,1151,2018-12-04
11746,1451,2018-12-04
3674,3686,2018-12-04
12536,2746,2018-12-04
9090,1795,2018-12-04
9150,4166,2018-12-04
3684,6537,2018-12-04
11459,1944,2018-12-05
11471,6203,2018-12-05
2776,1451,2018-12-05
1663,5326,2018-12-05
2781,2690,2018-12-05
13481,2338,2018-12-05
12331,16865,2018-12-05
4580,5090,2018-12-06
12541,2960,2018-12-06
8879,13909,2018-12-06
3606,1626,2018-12-06
8878,28601,2018-12-06
7117,21664,2018-12-06
10986,2563,2018-12-06
8972,5519,2018-12-06
6169,4865,2018-12-11
12942,6536,2018-12-11
6629,3760,2018-12-11
3123,2357,2018-12-11
7706,3300,2018-12-11
4250,23407,2018-12-11
4718,12019,2018-12-11
7329,7957,2018-12-12
4630,10058,2018-12-12
3177,11397,2018-12-12
5395,5781,2018-12-12
2717,3401,2018-12-12
628,4764,2018-12-13
6026,3243,2018-12-13
3777,2598,2018-12-13
8888,20938,2018-12-13
692,5228,2018-12-13
7850,1681,2018-12-13
10103,17672,2018-12-13
4647,2905,2018-12-13
2654,1689,2018-12-13
3194,13514,2018-12-13
5503,517,2018-12-13
13030,875,2018-12-13
10881,8958,2018-12-13
4176,24316,2018-12-13
12430,2592,2018-12-18
8211,3487,2018-12-18
10038,5016,2018-12-19
1636,2110,2018-12-19
11078,1283,2018-12-19
9923,2954,2018-12-19
10290,7699,2018-12-19
9921,7545,2018-12-19
11502,13917,2018-12-19
13124,6987,2018-12-19
10419,3109,2018-12-20
7827,2791,2018-12-20
4162,8218,2019-01-08
5785,9491,2019-01-08
7385,5523,2019-01-08
5514,44318,2019-01-08
3157,10163,2019-01-08
9440,11071,2019-01-08
13060,3898,2019-01-08
2269,13426,2019-01-09
9729,1028,2019-01-15
11520,5621,2019-01-29
9378,8167,2019-01-30
7997,2570,2019-01-30
1146,20321,2019-01-30
3307,3624,2019-01-30
13360,1995,2019-01-30
3326,1004,2019-01-30
702,9713,2019-01-30
12079,674,2019-01-30
3041,17490,2019-01-30
4669,5190,2019-01-30
4273,2016,2019-01-30
4679,3790,2019-01-30
1863,2585,2019-01-30
1868,3056,2019-01-30
2898,13104,2019-01-31
1913,5651,2019-01-31
8266,4950,2019-01-31
7996,1808,2019-01-31
4285,2862,2019-01-31
11646,16468,2019-01-31
8979,25264,2019-01-31
9046,11693,2019-01-31
6539,18163,2019-02-05
9619,1757,2019-02-05
785,9683,2019-02-05
1163,13128,2019-02-05
10751,2275,2019-02-05
6538,18381,2019-02-05
5590,13974,2019-02-06
6019,5147,2019-02-06
2536,571,2019-02-06
12120,4884,2019-02-06
11714,44082,2019-02-07
5528,44207,2019-02-07
3039,12613,2019-02-07
3030,17664,2019-02-07
12431,775,2019-02-13
12517,6156,2019-02-19
4879,27955,2019-02-19
3029,21138,2019-02-19
2249,1582,2019-02-19
11366,8267,2019-02-19
11660,17424,2019-02-28
10491,20604,2019-02-28
12072,4366,2019-02-28
5959,7234,2019-02-28
11651,14464,2019-02-28
11607,1576,2019-02-28
7373,7645,2019-03-05
2968,4238,2019-03-05
7095,8049,2019-03-14
7114,19317,2019-03-14
2790,8180,2019-03-14
7075,11767,2019-03-14
8984,11795,2019-03-14
12756,25190,2019-03-14
7096,22039,2019-03-14
4826,21183,2019-03-20
12587,7093,2019-03-20
2184,27534,2019-03-20
5322,2619,2019-03-20
12484,3250,2019-03-20
3042,18323,2019-03-20
5045,15382,2019-03-20
12422,4787,2019-03-20
3904,23554,2019-03-20
7606,3211,2019-03-20
12933,3272,2019-03-20
10293,1500,2019-03-20
12410,12468,2019-03-21
2868,12198,2019-03-21
11807,10294,2019-03-27
595,2425,2019-03-27
2117,2301,2019-03-27
4312,1594,2019-03-27
1676,1356,2019-03-27
338,17623,2019-03-27
4828,23340,2019-03-27
7062,23967,2019-03-28
11868,27017,2019-03-28
5705,42290,2019-03-28
3866,16830,2019-03-28
13625,10788,2019-03-28
3843,23592,2019-03-28
12383,10363,2019-03-28
11470,15552,2019-03-28
13172,16734,2019-03-28
1819,1277,2019-04-11
10528,16571,2019-04-18
10529,15711,2019-04-18
11622,5846,2019-04-18
4335,3123,2019-04-18
6397,4402,2019-04-18
8686,6058,2019-04-18
6427,10892,2019-04-18
8693,7530,2019-04-18
8707,17204,2019-04-18
8727,18978,2019-04-18
8664,16653,2019-04-18
7979,6469,2019-04-18
12412,11360,2019-04-18
7407,66819,2019-04-25
13051,13591,2019-04-25
4446,17625,2019-04-25
9502,18010,2019-04-25
9495,14352,2019-04-25
9477,19110,2019-04-25
11482,11043,2019-04-25
7430,40468,2019-04-25
11368,12986,2019-04-25
12078,3623,2019-04-30
10591,3185,2019-05-08
12624,21251,2019-05-08
12626,20620,2019-05-08
2554,13543,2019-05-09
9462,22845,2019-05-09
7941,11244,2019-05-09
7488,6032,2019-05-09
7487,7271,2019-05-09
9898,13296,2019-05-09
6236,19075,2019-05-09
8619,16272,2019-05-09
9901,13152,2019-05-09
9900,20030,2019-05-09
8620,8742,2019-05-09
11214,17335,2019-05-09
8535,10878,2019-05-15
5965,6883,2019-05-15
8811,17729,2019-05-15
7061,11540,2019-05-15
5976,6706,2019-05-15
3899,11300,2019-05-15
5280,6302,2019-05-16
9277,11746,2019-05-16
2858,9691,2019-06-05
4509,5893,2019-06-05
7239,2252,2019-06-05
6652,10865,2019-06-05
6651,10873,2019-06-05
7240,1992,2019-06-05
586,2579,2019-06-05
585,6413,2019-06-05
4363,11295,2019-06-05
4364,1559,2019-06-05
13018,5646,2019-06-06
7974,15846,2019-06-06
1727,10931,2019-06-06
1042,2056,2019-06-06
1041,3565,2019-06-06
130,12009,2019-06-06
10097,6558,2019-06-06
11076,2492,2019-06-11
12838,16869,2019-06-11
9360,3718,2019-06-11
11077,1095,2019-06-11
5071,21934,2019-06-11
7457,3855,2019-07-24
4880,23059,2019-08-01
11245,15841,2019-08-01
13149,18731,2019-08-01
13157,19411,2019-08-01
4901,16352,2019-08-01
2409,23545,2019-08-01
2830,17573,2019-08-01
4938,22783,2019-08-01
2831,17873,2019-08-01
2354,29769,2019-08-01
13247,11511,2019-08-01
9315,26066,2019-08-01
4887,15468,2019-08-01
2909,13136,2019-08-01
2416,29382,2019-08-01
11582,10331,2019-08-01
8524,43710,2019-08-01
4737,16440,2019-08-01
8527,48411,2019-08-01
4894,15021,2019-08-01
4738,20570,2019-08-01
4351,3350,2019-08-01
4348,23666,2019-08-01
3197,14902,2019-08-01
11901,24286,2019-08-01
12486,644,2019-08-01
9464,16998,2019-08-01
8532,53989,2019-08-01
2355,22515,2019-08-01
2829,20737,2019-08-01
11904,9041,2019-08-01
6304,2728,2019-08-01
3477,15785,2019-08-06
11844,9960,2019-08-06
6410,10077,2019-08-06
11584,16987,2019-08-06
6184,3373,2019-08-06
5970,15699,2019-08-06
7852,11164,2019-08-06
8523,55481,2019-08-07
8525,60395,2019-08-07
8528,59085,2019-08-07
4342,46288,2019-08-07
7853,9003,2019-08-07
7538,2060,2019-08-07
10352,3099,2019-08-07
6306,6084,2019-08-07
4340,28427,2019-08-07
8534,52064,2019-08-08
13476,9520,2019-08-08
6464,8553,2019-08-08
2091,8852,2019-08-13
2839,22784,2019-08-13
3504,14710,2019-08-13
9899,14954,2019-08-13
2090,8218,2019-08-13
2840,22526,2019-08-14
3185,9307,2019-08-15
3175,10483,2019-08-15
5719,15403,2019-08-17
5745,23383,2019-08-17
6069,29080,2019-08-17
5757,25979,2019-08-17
6071,37921,2019-08-17
6812,26896,2019-08-17
6070,35950,2019-08-17
6813,44538,2019-08-17
7059,12533,2019-08-20
8212,2808,2019-08-21
11097,28756,2019-08-21
10148,18989,2019-08-21
13141,5059,2019-08-22
8596,62024,2019-08-22
3549,2164,2019-08-22
10146,6003,2019-08-22
8622,20120,2019-08-24
8621,20215,2019-08-24
10259,3635,2019-08-27
10829,5458,2019-08-27
9505,6256,2019-08-27
8936,4244,2019-08-27
10429,18715,2019-08-27
9504,5727,2019-08-27
120,2567,2019-08-28
4114,6602,2019-08-28
10831,2546,2019-08-28
13524,20200,2019-08-28
13487,11792,2019-08-28
875,4604,2019-08-28
3461,6929,2019-08-28
5949,7009,2019-08-28
10257,3897,2019-08-28
5694,3694,2019-08-28
3270,11134,2019-08-29
7854,12807,2019-08-29
3274,12852,2019-08-29
4338,51739,2019-08-29
4337,24237,2019-08-29
3261,13665,2019-08-29
8500,52364,2019-08-29
3456,14172,2019-08-29
8499,55155,2019-08-29
8521,68365,2019-08-29
13109,42890,2019-08-29
9896,9451,2019-08-29
8530,69816,2019-08-29
8503,45185,2019-08-29
4347,31246,2019-08-29
11902,16282,2019-08-29
13088,16336,2019-08-29
3455,9676,2019-08-29
5404,10403,2019-08-29
3318,20522,2019-08-29
9316,16071,2019-08-29
11853,14024,2019-08-29
4344,23938,2019-08-29
4018,23629,2019-09-15
3577,15499,2019-10-01
117,4031,2019-10-01
12625,16444,2019-10-01
10486,20414,2019-10-03
9463,20708,2019-10-03
3258,12804,2019-10-03
9348,17952,2019-10-03
1656,815,2019-10-03
956,3898,2019-10-08
834,3495,2019-10-08
590,2422,2019-10-08
1045,3256,2019-10-08
982,2279,2019-10-08
905,5968,2019-10-08
577,4588,2019-10-08
940,4016,2019-10-08
746,3870,2019-10-08
978,5177,2019-10-08
1107,1974,2019-10-08
1205,17486,2019-10-08
757,3396,2019-10-08
895,1881,2019-10-10
838,8828,2019-10-10
2142,3882,2019-10-15
2869,5919,2019-10-15
1950,1122,2019-10-15
1767,6123,2019-10-15
12598,6711,2019-10-15
2553,15953,2019-10-15
1878,4873,2019-10-15
1818,2621,2019-10-15
3055,19763,2019-10-15
2531,731,2019-10-16
3053,21689,2019-10-16
4557,5945,2019-10-16
8397,4322,2019-10-16
1852,4515,2019-10-16
1821,1195,2019-10-16
7840,5067,2019-10-16
8978,13016,2019-10-16
10874,14018,2019-10-16
1683,3370,2019-10-16
2333,622,2019-10-16
12490,11665,2019-10-16
1720,2303,2019-10-16
1458,26463,2019-10-16
2685,4015,2019-10-17
2469,12236,2019-10-17
2566,16245,2019-10-17
2567,1679,2019-10-17
2489,2397,2019-10-17
2749,3278,2019-10-17
2171,25746,2019-10-17
2683,4945,2019-10-17
2491,954,2019-10-17
2783,2799,2019-10-22
2901,5460,2019-10-22
2271,17032,2019-10-22
2786,2971,2019-10-22
3027,44433,2019-10-22
3054,21633,2019-10-22
2804,2138,2019-10-22
3052,13911,2019-10-22
1655,832,2019-10-23
7711,15809,2019-10-23
1657,6478,2019-10-23
5834,23069,2019-10-23
1530,5292,2019-10-24
9061,29950,2019-10-24
5870,19967,2019-10-24
7649,7620,2019-10-24
6581,14075,2019-10-24
1576,1897,2019-10-24
1505,5228,2019-10-24
1577,2841,2019-10-24
8398,5311,2019-10-24
1279,3383,2019-10-24
8977,20164,2019-10-24
1582,7538,2019-10-24
5822,25566,2019-10-24
1584,5734,2019-10-24
1215,3936,2019-10-24
4586,6646,2019-10-24
3783,17327,2019-11-05
4712,5829,2019-11-05
3255,14603,2019-11-05
10549,18710,2019-11-05
4025,16844,2019-11-05
3320,16987,2019-11-05
3914,17441,2019-11-05
7613,12249,2019-11-05
3290,3165,2019-11-05
13054,20995,2019-11-05
3158,11546,2019-11-05
3259,10221,2019-11-05
3257,2313,2019-11-05
2460,5084,2019-11-05
10532,19231,2019-11-05
4545,4944,2019-11-05
3256,1815,2019-11-05
3276,11739,2019-11-06
2826,12251,2019-11-06
12771,15278,2019-11-06
9079,2782,2019-11-06
2825,27357,2019-11-06
5527,43143,2019-11-06
3974,21910,2019-11-06
3284,25269,2019-11-06
3912,29521,2019-11-06
7712,21551,2019-11-06
5917,3464,2019-11-06
8672,9250,2019-11-06
3795,14449,2019-11-06
10726,31021,2019-11-06
9065,22756,2019-11-06
4175,5596,2019-11-07
4201,22633,2019-11-07
2669,3768,2019-11-07
4195,21741,2019-11-07
5908,32439,2019-11-07
2525,5482,2019-11-07
1979,32649,2019-11-07
3915,28986,2019-11-07
1990,35459,2019-11-07
11250,11741,2019-11-07
6982,9364,2019-11-07
3911,21169,2019-11-07
3237,11749,2019-11-12
2991,9992,2019-11-12
3250,6413,2019-11-12
3018,7458,2019-11-13
10106,17138,2019-11-13
10132,20015,2019-11-13
9838,6026,2019-11-13
7267,43673,2019-11-13
4499,9119,2019-11-13
2298,10027,2019-11-13
3019,3362,2019-11-13
4657,4179,2019-11-13
11421,4716,2019-11-13
2964,5152,2019-11-13
5921,3957,2019-11-14
5810,32266,2019-11-14
9542,4780,2019-11-14
6582,10446,2019-11-14
5794,26549,2019-11-14
3815,15757,2019-11-14
5816,34295,2019-11-14
3913,28680,2019-11-14
850,4347,2019-11-19
7282,3166,2019-11-19
681,19349,2019-11-19
7055,15530,2019-11-19
5849,23143,2019-11-19
13294,13114,2019-11-19
9105,7305,2019-11-19
9396,12052,2019-11-19
12507,19979,2019-11-19
13083,3787,2019-11-19
3748,2318,2019-11-19
6256,8626,2019-11-19
7091,7240,2019-11-20
7057,3780,2019-11-20
665,15419,2019-11-20
7118,19489,2019-11-20
11235,18876,2019-11-20
11446,11687,2019-11-20
12390,20812,2019-11-21
4184,28301,2019-11-21
4132,4076,2019-11-21
11488,11381,2019-11-21
4706,14951,2019-12-03
685,15431,2019-12-03
3301,2273,2019-12-03
5131,4165,2019-12-03
9593,15314,2019-12-03
2303,10526,2019-12-03
9582,22609,2019-12-03
3710,13857,2019-12-03
9159,3997,2019-12-03
10875,9721,2019-12-03
3749,5903,2019-12-03
11492,12690,2019-12-03
4266,18454,2019-12-04
7271,3837,2019-12-04
1642,6806,2019-12-04
9571,22588,2019-12-04
615,6888,2019-12-05
1648,3744,2019-12-05
3668,12289,2019-12-05
9424,5323,2019-12-10
649,7931,2019-12-10
8064,13293,2019-12-10
8070,18871,2019-12-10
1810,31186,2019-12-10
4218,12035,2019-12-10
2565,10803,2019-12-11
9063,24181,2019-12-11
8029,12624,2019-12-11
9434,3902,2019-12-12
4373,9608,2019-12-12
4503,8699,2019-12-12
9713,7915,2019-12-12
639,5085,2019-12-12
4267,13910,2019-12-12
4394,8491,2019-12-12
1517,14488,2019-12-12
1677,2862,2019-12-12
4265,23335,2019-12-12
2307,15465,2019-12-12
6371,9846,2019-12-12
2653,3668,2019-12-12
2273,10574,2019-12-12
6377,2223,2019-12-17
3942,2121,2019-12-17
9873,6431,2019-12-17
4736,5227,2019-12-17
6268,19136,2019-12-17
556,6968,2019-12-17
3945,5662,2019-12-17
698,14923,2019-12-17
594,7343,2019-12-17
2612,3188,2019-12-17
4299,2049,2019-12-17
6672,7352,2019-12-17
3713,9909,2019-12-17
6247,13165,2019-12-17
4322,1711,2019-12-17
707,10099,2019-12-17
8254,7968,2019-12-17
275,6832,2019-12-18
173,4542,2019-12-18
11306,4016,2019-12-18
11550,5876,2019-12-18
5161,12771,2019-12-18
3662,10271,2019-12-18
587,2357,2019-12-18
3967,900,2019-12-18
7953,11407,2019-12-18
547,7987,2019-12-18
4330,2798,2019-12-19
4325,2234,2019-12-19
3775,4340,2019-12-19
5346,8583,2019-12-19
4124,1578,2019-12-19
6637,5272,2019-12-19
501,19321,2019-12-19
4131,920,2019-12-19
4317,2148,2019-12-19
3787,9806,2019-12-19
491,16729,2019-12-19
519,10716,2019-12-19
3423,22915,2019-12-19
3417,11615,2019-12-19
3451,2099,2019-12-19
3425,13133,2019-12-19
3450,1549,2019-12-19
3407,16578,2019-12-19
9106,5718,2019-12-19
3972,1681,2019-12-19
3501,4699,2019-12-19
8519,9115,2020-01-14
8203,2374,2020-01-14
3784,15687,2020-01-14
1567,3310,2020-01-14
5102,12338,2020-01-15
6700,14875,2020-01-15
2300,5178,2020-01-15
8102,4648,2020-01-15
1102,11124,2020-01-15
1375,3550,2020-01-15
1023,6009,2020-01-15
10621,3662,2020-01-15
1292,3207,2020-01-15
1075,12513,2020-01-15
10397,2044,2020-01-15
1092,13602,2020-01-16
8076,15856,2020-01-16
6671,6519,2020-01-21
1001,15120,2020-01-21
9408,11631,2020-01-21
10111,17347,2020-01-21
3774,4350,2020-01-21
1259,2493,2020-01-21
3231,5254,2020-01-21
7777,10767,2020-01-21
4409,3185,2020-01-21
13636,25872,2020-01-22
1271,2229,2020-01-22
6727,8845,2020-01-22
6713,17705,2020-01-22
6707,13982,2020-01-22
4486,2314,2020-01-22
5368,11258,2020-01-22
8273,11938,2020-01-22
10123,19787,2020-01-22
11820,4650,2020-01-22
13011,4238,2020-01-23
8125,9658,2020-01-23
13016,5406,2020-01-23
7972,17103,2020-01-23
4429,4973,2020-01-23
9762,4614,2020-01-23
9181,4629,2020-01-23
4528,1756,2020-01-28
4532,1891,2020-01-28
4622,3063,2020-01-28
4526,2913,2020-01-28
4540,12287,2020-01-28
4536,12975,2020-01-28
4642,2529,2020-01-28
4483,2051,2020-01-28
4595,3206,2020-01-29
9095,7264,2020-02-04
12623,9146,2020-02-04
8992,19479,2020-02-04
2680,8562,2020-02-05
3910,25994,2020-02-05
3242,3460,2020-02-05
10585,23324,2020-02-05
10503,27197,2020-02-05
3403,32013,2020-02-05
3401,13849,2020-02-05
5179,3931,2020-02-05
3319,18009,2020-02-05
3272,23960,2020-02-05
2226,24029,2020-02-05
1600,7785,2020-02-05
10727,748,2020-02-05
4979,2814,2020-02-05
11576,7481,2020-02-05
3469,15343,2020-02-05
1862,3730,2020-02-05
6391,4877,2020-02-05
5225,12025,2020-02-06
2214,24034,2020-02-06
2185,25537,2020-02-06
2818,41211,2020-02-06
5118,3526,2020-02-11
5902,48913,2020-02-11
4922,7451,2020-02-11
5116,552,2020-02-11
4951,4607,2020-02-11
5082,11682,2020-02-11
4671,5925,2020-02-12
4734,4066,2020-02-12
8191,5099,2020-02-12
5767,1204,2020-02-12
4997,2262,2020-02-12
2191,6445,2020-02-12
5999,4207,2020-02-12
5947,2048,2020-02-13
5894,31446,2020-02-13
4650,2713,2020-02-13
4673,2557,2020-02-13
5361,4356,2020-02-18
5182,2268,2020-02-18
4920,13179,2020-02-18
5380,895,2020-02-19
6559,9521,2020-02-25
6155,1645,2020-02-25
6584,3670,2020-02-25
6029,5510,2020-02-25
6623,2017,2020-02-25
6519,3982,2020-02-25
6022,3458,2020-02-25
6619,2081,2020-02-25
6402,4871,2020-02-26
6500,2209,2020-02-26
6566,14432,2020-02-26
6882,6567,2020-02-26
6889,3652,2020-02-26
6505,8600,2020-02-26
6682,7962,2020-02-26
7700,4030,2020-03-03
4859,22740,2020-03-03
7295,17987,2020-03-03
1880,7112,2020-03-03
7305,16422,2020-03-03
4709,16385,2020-03-03
4865,26815,2020-03-03
9004,8007,2020-03-03
5804,39123,2020-03-03
8331,4353,2020-03-03
13387,18427,2020-03-03
9626,30312,2020-03-03
6944,1769,2020-03-04
5466,4464,2020-03-04
4534,2049,2020-03-04
9869,2065,2020-03-04
12344,4000,2020-03-04
12927,3935,2020-03-05
12877,12202,2020-03-05
645,2856,2020-03-05
10205,18741,2020-03-05
5441,24660,2020-03-05
12872,5035,2020-03-05
10384,14565,2020-03-05
12818,18637,2020-03-05
12350,27289,2020-03-10
12358,26959,2020-03-10
7922,5278,2020-03-10
8253,7531,2020-03-10
7912,6532,2020-03-10
10984,5594,2020-03-11
395,34134,2020-03-11
211,7556,2020-03-11
3924,3439,2020-03-12
14,16482,2020-03-12
7589,18219,2020-03-12
4104,3321,2020-03-12
6780,11391,2020-03-12
1894,8806,2020-03-12
5984,6277,2020-03-12
1888,9753,2020-03-12
1766,11930,2020-03-12
1329,15341,2020-03-12
12802,10820,2020-03-12
7212,15328,2020-03-12
3936,5270,2020-03-12
7693,6729,2020-03-12
1740,11808,2020-03-12
6182,1210,2020-10-21
11042,8914,2021-03-04
9052,3248,2021-03-04
12854,15835,2021-03-04
79,4949,2021-03-04
8242,2153,2021-03-04
1540,4364,2021-03-04
5461,4323,2021-03-04
12760,18409,2021-03-04
12831,14367,2021-03-04
204,5479,2021-03-04
796,6154,2021-03-04
12891,6477,2021-03-04
321,13733,2021-03-04
6598,2456,2021-03-04
3,10640,2021-03-10
325,985,2021-03-10
307,4016,2021-03-10
4107,4448,2021-03-10
1694,7721,2021-03-10
258,3584,2021-03-10
1742,7522,2021-03-10
3548,2885,2021-03-10
3536,3391,2021-03-10
230,5089,2021-03-10
1743,9021,2021-03-10
150,9196,2021-03-10
135,7052,2021-03-10
7202,2625,2021-03-10
7177,3661,2021-03-10
100,3393,2021-03-10
7189,3924,2021-03-10
317,6866,2021-03-10
11846,8805,2021-03-11
11086,4184,2021-03-11
10997,7960,2021-03-11
13119,7415,2021-03-11
7763,7136,2021-03-16
5975,12876,2021-03-16
9224,11062,2021-03-16
10677,4876,2021-03-16
1544,3527,2021-03-17
9062,27505,2021-03-17
6145,3574,2021-03-17
7217,12205,2021-03-17
6804,14981,2021-03-17
67,3008,2021-03-17
6748,4912,2021-03-17
1353,7371,2021-03-17
13644,22168,2021-03-17
1347,7019,2021-03-17
4943,3539,2021-03-17
7571,7209,2021-03-17
6351,6209,2021-03-17
6331,3707,2021-03-17
6333,19008,2021-03-17
8279,11046,2021-03-17
5610,6679,2021-03-17
4388,3156,2021-03-18
10699,3508,2021-03-18
12883,3069,2021-03-18
5968,7271,2021-03-18
7943,22991,2021-03-18
1341,12607,2021-03-18
4873,25631,2021-03-18
13023,20175,2021-03-18
7705,3615,2021-03-18
12646,13998,2021-03-18
4617,2868,2021-03-18
3621,4770,2021-03-18
5471,18457,2021-03-20
11574,2137,2021-03-23
13115,2367,2021-03-24
9071,8924,2021-03-25
9155,4054,2021-03-25
301,7154,2021-03-30
184,3998,2021-03-30
3919,3327,2021-03-30
10195,12483,2021-03-30
10974,3996,2021-03-30
10175,7810,2021-03-30
11579,36564,2021-03-30
10170,8858,2021-03-30
10388,14312,2021-03-30
3930,3668,2021-03-30
104,3967,2021-03-30
5445,5208,2021-03-31
1905,8278,2021-03-31
10214,15943,2021-03-31
12094,4227,2021-03-31
11577,48234,2021-03-31
1594,5219,2021-03-31
7581,8377,2021-03-31
7604,24268,2021-03-31
10392,13529,2021-03-31
10958,3114,2021-03-31
632,9396,2021-03-31
11047,6362,2021-03-31
358,8109,2021-03-31
1922,8454,2021-03-31
13621,7107,2021-03-31
12127,4540,2021-03-31
11059,8731,2021-03-31
10949,2723,2021-03-31
10200,12308,2021-03-31
10930,8305,2021-04-01
12810,7053,2021-04-01
7443,2792,2021-04-01
10925,17170,2021-04-01
12970,6164,2021-04-01
10939,10194,2021-04-01
12417,12140,2021-04-01
10281,6562,2021-04-01
13602,15429,2021-04-01
6034,7096,2021-04-01
10142,19885,2021-04-01
6950,7087,2021-04-01
7754,6689,2021-04-06
12922,2542,2021-04-06
10144,14567,2021-04-06
2493,605,2021-05-11
843,5684,2021-05-11
6580,4498,2021-05-11
733,3361,2021-05-11
4953,4897,2021-05-11
13110,20225,2021-05-11
3561,12377,2021-05-11
10369,5925,2021-05-11
3943,1941,2021-05-11
2155,2615,2021-05-11
6625,1938,2021-05-11
10468,4138,2021-05-11
5394,5728,2021-05-11
7746,1166,2021-05-11
3707,8076,2021-05-11
10704,3458,2021-05-12
13362,1707,2021-05-12
6496,1226,2021-05-12
728,7657,2021-05-12
6458,4520,2021-05-12
6885,4464,2021-05-12
11843,6240,2021-05-12
2512,5700,2021-05-12
3484,6269,2021-05-12
3628,2778,2021-05-12
9313,4657,2021-05-12
800,8491,2021-05-12
858,4095,2021-05-12
3500,7991,2021-05-12
12666,22314,2021-05-12
774,6157,2021-05-12
10705,13134,2021-05-12
6888,3835,2021-05-12
13552,5113,2021-05-13
10863,4648,2021-05-13
9067,17752,2021-05-13
13563,3845,2021-05-13
9069,20635,2021-05-13
8507,41863,2021-05-13
8506,37259,2021-05-13
7006,3783,2021-05-13
6528,18069,2021-05-18
5193,18051,2021-05-18
6537,18433,2021-05-18
2135,4889,2021-05-18
1447,5932,2021-05-18
12745,22423,2021-05-18
790,7729,2021-05-18
5263,13750,2021-05-18
5008,13754,2021-05-18
1040,4412,2021-05-18
1011,4610,2021-05-18
5251,8832,2021-05-19
5279,10318,2021-05-19
3961,8022,2021-05-19
12160,3116,2021-05-20
3765,4796,2021-05-20
1134,19242,2021-05-20
10945,3336,2021-05-27
1423,17825,2021-06-01
6998,2598,2021-06-01
6999,4205,2021-06-01
1435,5252,2021-06-01
7000,5247,2021-06-01
5009,32283,2021-06-01
5062,28285,2021-06-01
4758,18913,2021-06-01
5222,7665,2021-06-01
3140,5680,2021-06-01
9798,7169,2021-06-01
3981,21354,2021-06-01
9793,7499,2021-06-01
8865,50216,2021-06-01
8873,21607,2021-06-01
8887,21820,2021-06-01
12687,24510,2021-06-01
3129,3564,2021-06-01
8916,12099,2021-06-01
8927,15882,2021-06-01
8934,23665,2021-06-01
9541,4073,2021-06-01
12718,18838,2021-06-01
7529,4191,2021-06-01
3998,27496,2021-06-01
4038,17934,2021-06-01
1165,2449,2021-06-01
1312,29386,2021-06-01
8145,2337,2021-06-01
12837,17948,2021-06-01
904,6863,2021-06-01
12550,2985,2021-06-01
931,3112,2021-06-01
3634,3974,2021-06-01
12789,24404,2021-06-01
1628,7437,2021-06-01
4032,20940,2021-06-02
3984,21646,2021-06-02
11892,5961,2021-06-02
1619,7399,2021-06-02
11898,4569,2021-06-02
11866,26969,2021-06-02
1305,29123,2021-06-02
11889,5834,2021-06-02
1161,24290,2021-06-02
1151,2550,2021-06-02
1412,2249,2021-06-02
3960,8445,2021-06-02
5234,75451,2021-06-02
10265,2310,2021-06-08
2681,8856,2021-06-08
6161,3506,2021-06-08
6171,4747,2021-06-08
2459,25650,2021-06-08
899,2051,2021-06-08
6779,8101,2021-06-08
10837,5410,2021-06-08
10822,851,2021-06-08
10817,1536,2021-06-08
13521,2834,2021-06-08
2731,6752,2021-06-09
9458,2338,2021-06-09
9451,6488,2021-06-09
11858,3316,2021-06-09
2704,1866,2021-06-09
745,4130,2021-06-09
7835,3474,2021-06-09
955,3081,2021-06-09
12418,1444,2021-06-09
579,7780,2021-06-09
605,6041,2021-06-09
8107,7505,2021-06-09
2549,6889,2021-06-09
7008,1986,2021-06-09
4606,825,2021-06-09
7973,2505,2021-06-10
7266,8865,2021-06-10
3957,13399,2021-06-10
1218,1752,2021-06-10
821,8333,2021-06-10
10883,7914,2021-06-10
1266,1676,2021-06-10
822,4457,2021-06-10
1109,2018,2021-06-10
2759,2147,2021-06-10
10425,2319,2021-06-10
10420,3772,2021-06-10
7263,2178,2021-06-10
10426,3949,2021-06-15
13678,10655,2021-06-15
1270,3247,2021-06-15
4821,18378,2021-06-15
12545,1970,2021-06-15
9494,14744,2021-06-15
4799,17583,2021-06-15
13386,15773,2021-06-15
5090,8352,2021-06-15
8840,15134,2021-06-15
6920,10286,2021-06-15
4775,17426,2021-06-15
9068,19056,2021-06-16
13381,12055,2021-06-16
9066,16733,2021-06-16
6930,8509,2021-06-16
2083,8038,2021-06-22
6018,4742,2021-06-22
6014,2704,2021-06-22
6004,4551,2021-06-22
8182,25259,2021-06-22
4276,2686,2021-06-22
4289,2212,2021-06-22
6931,10577,2021-06-22
6906,7247,2021-06-22
6911,6731,2021-06-22
9070,24245,2021-06-23
2351,966,2021-06-29
10478,2367,2021-06-29
11068,3877,2021-06-29
7757,1282,2021-06-29
10460,2991,2021-06-29
10672,4924,2021-06-29
10674,5204,2021-06-29
9170,1671,2021-06-29
10665,1508,2021-06-29
10865,3175,2021-06-30
10821,609,2021-06-30
10867,1944,2021-06-30
10985,2906,2021-06-30
10819,734,2021-06-30
10729,947,2021-06-30
10467,4079,2021-06-30
10599,2489,2021-06-30
10531,18782,2021-06-30
8841,12197,2021-07-06
8857,1059,2021-07-06
8854,13442,2021-07-06
9178,748,2021-07-06
13656,6133,2021-07-07
12265,1307,2021-07-07
9920,3153,2021-07-07
7928,3390,2021-07-07
13193,6232,2021-07-07
1945,3517,2021-07-07
5284,5380,2021-07-07
1607,3919,2021-07-13
11849,4274,2021-07-14
13403,33202,2021-07-14
11850,4036,2021-07-14
5635,5956,2021-07-14
13400,33054,2021-07-14
6997,2243,2021-07-14
4007,27387,2021-07-15
6231,4002,2021-07-15
13597,792,2021-07-15
4695,6222,2021-07-27
11382,844,2021-07-27
8695,11004,2021-07-27
8694,9322,2021-07-27
185,6773,2021-07-27
859,1520,2021-07-27
9201,3401,2021-07-27
6869,4412,2021-07-27
7056,12886,2021-07-27
4116,3480,2021-07-27
7994,394,2021-07-27
8589,70145,2021-07-27
4675,1743,2021-07-27
8595,69850,2021-07-27
5402,4255,2021-07-27
12311,1960,2021-07-27
4694,6530,2021-07-27
1673,1573,2021-07-28
540,7768,2021-07-28
9269,18160,2021-07-28
5160,14238,2021-07-28
1925,3319,2021-07-28
3983,24581,2021-07-28
3982,28353,2021-07-28
11381,845,2021-07-28
12488,544,2021-07-28
7878,17797,2021-07-28
5604,1723,2021-07-28
3196,6679,2021-07-28
4696,5947,2021-07-28
9606,491,2021-07-28
11984,30319,2021-07-28
7324,10356,2021-07-28
7325,10170,2021-07-28
9560,17747,2021-07-28
546,7196,2021-07-28
9556,10833,2021-07-28
9265,33463,2021-07-28
10014,14637,2021-07-29
12288,15054,2021-07-29
9979,13227,2021-07-29
9994,19717,2021-07-29
6743,21039,2021-07-29
9241,35195,2021-07-29
11397,9782,2021-07-29
12275,4849,2021-07-29
11396,9624,2021-07-29
7791,6041,2021-07-29
8371,20435,2021-07-29
10042,2092,2021-07-29
13473,306,2021-07-29
9375,2476,2021-07-29
7893,2707,2021-07-29
6744,20876,2021-07-29
9034,20489,2021-07-29
2088,406,2021-07-29
13444,22735,2021-07-29
6227,13243,2021-07-29
6203,3205,2021-07-29
2756,1804,2021-08-03
9273,54909,2021-08-03
6503,10597,2021-08-03
6506,7412,2021-08-03
5266,10788,2021-08-04
5271,13174,2021-08-04
4786,20604,2021-08-04
13675,2561,2021-08-04
5210,18508,2021-08-04
5521,26557,2021-08-10
6024,5126,2021-08-10
6926,8160,2021-08-10
6916,9572,2021-08-10
9807,2466,2021-08-10
6010,6472,2021-08-11
13652,3440,2021-08-11
7894,3368,2021-08-11
2538,2555,2021-08-11
1939,3269,2021-08-11
12095,8193,2021-08-11
10696,5369,2021-08-11
9171,2423,2021-08-11
7805,1832,2021-08-12
2846,10499,2021-08-12
7264,7604,2021-08-12
13445,16247,2021-08-12
3161,1625,2021-08-12
5766,1343,2021-08-12
7143,11772,2021-08-12
8286,5206,2021-08-12
11878,13116,2021-08-17
10041,4061,2021-08-17
6895,2521,2021-08-17
9770,4302,2021-08-17
11888,9871,2021-08-17
5320,4063,2021-08-18
13151,18095,2021-08-18
7076,10836,2021-08-18
13213,11129,2021-08-19
9064,40981,2021-08-19
10584,19836,2021-08-24
8863,888,2021-08-24
10556,24036,2021-08-24
5768,965,2021-08-24
11580,5231,2021-08-24
5381,883,2021-08-24
4919,11750,2021-08-25
4387,2539,2021-08-25
4596,3190,2021-08-25
11147,28134,2021-08-25
4672,5761,2021-08-25
4484,1459,2021-08-25
4487,1755,2021-08-25
5729,16762,2021-08-25
4674,2989,2021-08-25
8708,8707,2021-08-26
4950,1980,2021-08-26
10702,1205,2021-08-26
2823,1335,2021-08-26
2822,1343,2021-08-26
7230,1190,2021-08-31
7041,12074,2021-08-31
4996,2199,2021-08-31
7042,6464,2021-08-31
6501,1795,2021-09-01
12489,1137,2021-09-01
7771,11800,2021-09-02
2505,4055,2021-09-02
5224,18579,2021-09-02
6466,10139,2021-09-02
6443,3436,2021-09-02
11230,6366,2021-09-02
3650,4573,2021-09-02
6729,8512,2021-09-02
6874,1377,2021-09-02
9884,2211,2021-09-02
12351,26561,2021-09-02
670,6642,2021-09-07
671,4574,2021-09-07
7533,2757,2021-09-07
7961,19674,2021-09-07
13562,1900,2021-09-08
1794,2546,2021-09-08
7902,3149,2021-09-08
12384,4587,2021-09-08
1436,5426,2021-09-08
1705,2006,2021-09-08
10709,2098,2021-09-09
1361,3723,2021-09-09
13342,10281,2021-09-14
7648,3152,2021-09-14
12937,3622,2021-09-14
10565,24769,2021-09-14
12586,5492,2021-09-14
10612,3573,2021-09-14
7828,2926,2021-09-14
7923,5138,2021-09-14
10708,4398,2021-09-14
7707,1964,2021-09-15
7942,24162,2021-09-15
11529,5842,2021-09-15
7965,3540,2021-09-15
11545,8570,2021-09-15
3585,13786,2021-09-16
7502,8985,2021-09-16
9365,2574,2021-09-16
12862,6556,2021-09-16
9764,2039,2021-09-21
10463,4045,2021-09-21
9175,571,2021-09-21
9459,2307,2021-09-21
10664,2196,2021-09-21
10291,7452,2021-09-21
10697,11333,2021-09-21
9450,10645,2021-09-21
10600,2816,2021-09-21
11865,1188,2021-09-22
11899,4781,2021-09-22
11893,8662,2021-09-22
11890,5951,2021-09-22
11697,28031,2021-09-22
11798,2290,2021-09-22
10479,2226,2021-09-22
11017,4408,2021-09-22
11451,1042,2021-09-23
11867,13676,2021-09-23
11966,1660,2021-09-23
11453,2202,2021-09-23
13271,30133,2021-09-28
13063,3767,2021-09-28
13042,7752,2021-09-28
13320,2290,2021-09-28
12128,3933,2021-09-30
8975,2049,2021-11-09
5419,3243,2021-11-09
13493,2238,2021-11-09
10283,9229,2021-11-09
3516,11393,2021-11-09
11851,5609,2021-11-09
13515,7221,2021-11-09
9344,3524,2021-11-09
6160,3671,2021-11-09
9686,2699,2021-11-09
7158,4174,2021-11-09
9671,20860,2021-11-09
9738,1622,2021-11-09
13355,2085,2021-11-10
13196,5283,2021-11-10
2833,29635,2021-11-10
2832,18978,2021-11-10
10836,8684,2021-11-10
13535,18951,2021-11-10
13212,11674,2021-11-10
11852,4904,2021-11-10
11936,13088,2021-11-10
13530,8386,2021-11-10
12303,2153,2021-11-10
2835,17850,2021-11-10
6411,7925,2021-11-10
9634,40174,2021-11-10
13341,14084,2021-11-10
9518,5707,2021-11-10
1993,11921,2021-11-10
13295,13657,2021-11-10
9635,40556,2021-11-10
13480,4602,2021-11-10
11699,28198,2021-11-10
7291,14046,2021-11-10
10002,7510,2021-11-10
13684,12239,2021-11-10
8505,48854,2021-11-11
8504,73028,2021-11-11
8509,46465,2021-11-11
8508,58784,2021-11-11
8540,4550,2021-11-11
8511,48876,2021-11-11
8512,64230,2021-11-11
8513,80164,2021-11-11
13105,28278,2021-11-11
2841,21125,2021-11-16
2844,12092,2021-11-16
2843,19505,2021-11-16
5957,6012,2021-11-16
10431,3635,2021-11-16
5405,5113,2021-11-16
5784,8939,2021-11-16
1392,12096,2021-11-16
2431,25631,2021-11-16
2370,26598,2021-11-16
12259,2712,2021-11-17
3493,10149,2021-11-17
2444,31612,2021-11-17
11556,4138,2021-11-17
1383,10901,2021-11-17
10430,6473,2021-11-17
12086,870,2021-11-17
12077,4728,2021-11-17
8206,3302,2021-11-17
12530,6467,2021-11-17
2765,3566,2021-11-17
9897,13011,2021-11-17
9723,4509,2021-11-17
11452,1519,2021-11-18
1504,25047,2021-11-18
6404,4970,2021-11-18
11179,14475,2021-11-18
11845,359,2021-11-18
7101,29442,2021-11-18
7128,19290,2021-11-18
12512,3874,2021-11-18
4635,7735,2021-11-18
13084,36428,2021-11-18
10264,4692,2021-11-18
13087,16488,2021-11-18
11456,1426,2021-11-18
6901,7784,2021-11-18
4985,2958,2021-11-18
2758,15972,2021-11-18
1486,26431,2021-11-18
2757,12760,2021-11-18
11270,5484,2021-11-30
3245,4679,2021-11-30
11799,2658,2021-11-30
11212,4909,2021-11-30
6365,9972,2021-11-30
11207,1737,2021-11-30
11282,10564,2021-11-30
11766,3998,2021-12-01
8308,9295,2021-12-01
8613,10286,2021-12-01
11629,4050,2021-12-01
2838,5461,2021-12-01
11747,1085,2021-12-01
11724,2325,2021-12-01
11680,4431,2021-12-01
3691,1504,2021-12-01
2743,3990,2021-12-01
9883,2340,2021-12-01
2824,13987,2021-12-01
6583,4214,2021-12-02
11081,9860,2021-12-02
9702,14102,2021-12-02
11530,7793,2021-12-02
9701,12072,2021-12-02
11785,18274,2021-12-02
4527,2925,2021-12-02
11860,11389,2021-12-02
11861,14837,2021-12-02
996,5343,2021-12-02
6883,4844,2021-12-02
9872,6791,2021-12-02
11383,5164,2021-12-02
4652,2065,2021-12-02
9885,4288,2021-12-02
4529,2070,2021-12-02
6521,4121,2021-12-02
6524,7912,2021-12-02
11859,12409,2021-12-02
6495,6719,2021-12-02
7265,6999,2021-12-07
6555,8744,2021-12-07
11409,3714,2021-12-07
11209,1153,2021-12-07
11395,5629,2021-12-07
6624,2561,2021-12-07
11370,8215,2021-12-07
11328,1903,2021-12-07
6565,13204,2021-12-07
9564,37958,2021-12-08
4358,3463,2021-12-08
6620,1025,2021-12-08
9591,14513,2021-12-08
1496,27152,2021-12-08
9661,3321,2021-12-08
9696,2493,2021-12-08
2415,21437,2021-12-08
13474,4292,2021-12-08
9739,914,2021-12-08
12496,11918,2021-12-08
11392,7933,2021-12-08
8510,60358,2021-12-08
9890,4674,2021-12-08
12139,6552,2021-12-08
1162,13997,2021-12-08
6945,1852,2021-12-08
7038,3317,2021-12-08
7234,776,2021-12-08
10823,2099,2021-12-08
6946,5667,2021-12-08
6887,4042,2021-12-08
11938,13777,2021-12-08
7363,5733,2021-12-08
7034,4290,2021-12-08
2813,19796,2021-12-09
10292,1817,2021-12-09
4306,8058,2021-12-09
12260,18539,2021-12-09
10516,22420,2021-12-09
5544,44123,2021-12-09
9827,4445,2021-12-09
5642,5284,2021-12-09
2170,7237,2021-12-09
3738,4936,2021-12-09
8289,17859,2021-12-09
10527,19247,2021-12-09
9620,1673,2021-12-09
5543,35577,2021-12-09
6683,7635,2021-12-09
10530,16433,2021-12-09
8597,53025,2021-12-14
8564,53903,2021-12-14
3202,3604,2021-12-14
11240,18790,2021-12-14
4651,2798,2021-12-14
5181,2743,2021-12-14
10746,2323,2021-12-14
5081,11773,2021-12-14
6030,1443,2021-12-14
6194,3312,2021-12-14
4426,3809,2021-12-15
4533,1707,2021-12-15
10681,3481,2021-12-15
4618,1915,2021-12-15
8192,2529,2021-12-15
4643,2164,2021-12-15
7129,28745,2021-12-15
5115,575,2021-12-15
2828,2978,2021-12-15
4735,3814,2021-12-15
5119,2259,2021-12-15
5895,30485,2021-12-16
5901,41212,2021-12-16
5945,1911,2021-12-16
6023,3695,2021-12-16
5993,3886,2021-12-16
5769,1047,2021-12-16
4535,13187,2021-12-16
4541,11963,2021-12-16
4921,7578,2021-12-16
4952,5262,2021-12-16
5362,4558,2021-12-16
11428,19141,2021-12-21
11367,13327,2021-12-21
11803,5545,2021-12-21
6153,1894,2021-12-21
11792,9083,2021-12-21
13171,20545,2021-12-21
13073,3167,2021-12-21
13121,5982,2021-12-21
9189,3498,2021-12-21
6403,4756,2021-12-21
11423,8652,2021-12-21
9804,2107,2021-12-21
9190,6576,2021-12-21
11441,12229,2021-12-21
5835,16810,2022-01-04
11390,5269,2022-01-04
10701,7132,2022-01-04
13368,9278,2022-01-04
10100,1494,2022-01-05
4924,11166,2022-01-06
9140,3204,2022-01-11
10962,14353,2022-01-11
10399,9106,2022-01-13
11415,11813,2022-01-13
10405,17355,2022-01-13
4513,15423,2022-01-13
9867,8629,2022-01-13
9714,13502,2022-01-13
9715,10139,2022-01-13
9868,12210,2022-01-13
9866,16839,2022-01-13
2329,6274,2022-01-13
4876,27192,2022-01-18
6731,19347,2022-01-18
11101,7007,2022-01-18
6491,2567,2022-01-18
6483,2597,2022-01-18
2511,2254,2022-01-19
1229,3389,2022-01-19
972,5002,2022-01-19
1248,5556,2022-01-19
6817,17777,2022-01-19
10145,15882,2022-01-19
9771,5104,2022-01-19
8005,19699,2022-01-19
4602,10188,2022-01-19
4614,10774,2022-01-19
6833,19590,2022-01-19
5078,21557,2022-01-20
7550,1437,2022-01-20
6630,4297,2022-01-25
5495,3040,2022-01-25
6151,2483,2022-01-25
6451,2289,2022-01-26
7384,9664,2022-01-26
7330,7884,2022-01-26
6422,11242,2022-01-26
6405,9316,2022-01-26
4678,4347,2022-01-26
6170,4819,2022-01-27
7999,1898,2022-01-27
9728,1134,2022-01-27
7013,6243,2022-01-27
5117,2860,2022-01-27
8004,2536,2022-01-27
11408,4006,2022-01-27
9547,16288,2022-02-08
7536,1758,2022-02-08
3727,7777,2022-02-08
11906,11608,2022-02-08
12513,4207,2022-02-08
3128,844,2022-02-08
8937,4368,2022-02-08
7895,2805,2022-02-09
7758,5407,2022-02-09
5372,13192,2022-02-09
10700,6982,2022-02-09
10610,5514,2022-02-09
1298,3870,2022-02-09
4628,935,2022-02-09
12981,10517,2022-02-09
10043,17022,2022-02-09
11800,2725,2022-02-10
7311,4315,2022-02-10
6406,9067,2022-02-10
10698,14167,2022-02-10
7303,13417,2022-02-10
13609,23988,2022-02-15
11837,7273,2022-02-15
11831,8777,2022-02-15
2548,11462,2022-02-15
1592,2852,2022-02-15
10964,1879,2022-02-15
1085,15135,2022-02-15
2660,3036,2022-02-15
13631,9799,2022-02-15
10143,17880,2022-02-15
8288,10403,2022-02-16
7985,5865,2022-02-16
10611,5487,2022-02-16
11285,2765,2022-02-16
7139,3750,2022-02-16
8272,6064,2022-02-16
3236,9869,2022-02-16
6039,13402,2022-02-17
12421,6235,2022-02-22
10189,5894,2022-02-22
1812,3853,2022-02-22
11767,7111,2022-02-23
10965,30779,2022-02-23
6492,10956,2022-02-23
3400,11792,2022-02-23
10706,1584,2022-02-23
3404,41421,2022-02-23
2461,5751,2022-02-23
2434,15076,2022-02-23
3485,18747,2022-02-23
11986,9762,2022-02-23
4324,4207,2022-02-23
5321,4664,2022-02-23
4436,4875,2022-02-23
12578,6702,2022-02-23
12148,8228,2022-02-23
2449,14727,2022-02-23
10966,35228,2022-02-23
1869,4687,2022-02-24
11581,6055,2022-02-24
11575,6851,2022-02-24
10557,25432,2022-02-24
12420,2972,2022-02-24
8106,7422,2022-02-24
10364,15584,2022-02-24
820,4394,2022-02-24
2227,22675,2022-03-08
2209,17573,2022-03-08
2197,26329,2022-03-08
5120,2557,2022-03-08
5121,2811,2022-03-08
10960,43194,2022-03-08
11292,1783,2022-03-08
7799,6289,2022-03-08
11283,15597,2022-03-08
11284,11067,2022-03-08
8320,17761,2022-03-08
10961,35871,2022-03-08
11578,24480,2022-03-08
61,7301,2022-03-09
11066,4177,2022-03-09
5455,5257,2022-03-09
3405,26798,2022-03-09
11856,5811,2022-03-09
11681,10222,2022-03-09
3459,18539,2022-03-09
13244,5299,2022-03-09
10703,7324,2022-03-10
3402,35012,2022-03-10
10707,5256,2022-03-10
10458,5930,2022-03-10
10555,19036,2022-03-10
2819,46158,2022-03-10
2820,44497,2022-03-10
1811,5062,2022-03-10
2821,35977,2022-03-10
10571,16007,2022-03-10
2239,12438,2022-03-10
6493,4414,2022-03-15
10641,46563,2022-03-15
11679,5081,2022-03-15
10509,21624,2022-03-15
13214,8505,2022-03-15
12400,4458,2022-03-15
10572,23128,2022-03-15
388,29118,2022-03-16
38,5842,2022-03-16
248,8565,2022-03-16
91,4270,2022-03-16
157,9809,2022-03-16
294,9794,2022-03-16
11819,9998,2022-03-16
1903,12014,2022-03-16
217,12196,2022-03-16
198,4571,2022-03-16
2848,20451,2022-03-17
2847,13170,2022-03-17
331,17778,2022-03-22
232,20704,2022-03-22
486,8547,2022-03-23
454,22640,2022-03-23
1360,6846,2022-03-23
1340,9919,2022-03-23
1747,11819,2022-03-23
7577,12095,2022-03-24
431,4133,2022-03-24
6772,5573,2022-03-24
85,4959,2022-03-24
5990,5128,2022-03-24
6137,22886,2022-03-24
6347,22896,2022-03-24
6778,3257,2022-03-24
6615,6860,2022-03-29
7906,7592,2022-03-29
4840,18519,2022-03-29
1442,8629,2022-03-29
6609,5113,2022-03-29
6603,7036,2022-03-29
7688,4726,2022-03-29
8181,4647,2022-03-29
7916,4232,2022-03-29
12398,4859,2022-03-30
12379,9196,2022-03-30
3620,3153,2022-03-30
4108,684,2022-03-30
5435,13955,2022-03-30
3622,7808,2022-03-30
6000,4502,2022-03-30
7160,9401,2022-03-30
4974,8346,2022-03-30
7570,9829,2022-03-30
752,9029,2022-03-30
6810,7346,2022-03-30
6793,9611,2022-03-30
12171,2072,2022-03-31
12765,21328,2022-04-05
12855,23687,2022-04-05
11041,11195,2022-04-05
12121,4314,2022-04-05
12680,13203,2022-04-05
12821,19547,2022-04-05
12911,3864,2022-04-05
11507,13935,2022-04-05
12772,21109,2022-04-05
12112,2138,2022-04-06
12359,8244,2022-04-06
12667,15978,2022-04-06
10548,21100,2022-04-07
10650,6430,2022-04-07
10710,4541,2022-04-07
10853,6092,2022-04-07
5201,8327,2022-04-12
4812,23318,2022-04-12
1399,13837,2022-04-12
761,3751,2022-04-12
775,7741,2022-04-12
8230,4640,2022-04-12
1413,15783,2022-04-12
12698,20895,2022-04-12
4761,27758,2022-04-12
5252,11180,2022-04-12
5035,6235,2022-04-12
5091,10495,2022-04-12
5046,9967,2022-04-12
9780,10097,2022-04-12
8222,4904,2022-04-13
8216,4036,2022-04-13
8139,3117,2022-04-13
1128,19287,2022-04-13
7246,3632,2022-04-13
1260,4554,2022-04-13
12730,20891,2022-04-14
3959,4755,2022-04-14
12740,22967,2022-04-14
3633,3899,2022-04-14
3958,10998,2022-04-14
1048,9036,2022-04-14
5338,8886,2022-04-14
2125,3563,2022-04-14
12149,4626,2022-04-14
1170,22331,2022-04-14
2136,9308,2022-04-14
10742,5189,2022-04-14
4002,35326,2022-04-19
3956,10998,2022-04-19
1049,13534,2022-04-20
5184,20186,2022-04-20
5355,4835,2022-04-20
3754,4489,2022-04-20
13072,1350,2022-04-20
1967,36745,2022-04-20
5194,40171,2022-04-20
12790,20283,2022-04-20
13039,7743,2022-04-20
13610,9584,2022-04-20
12941,6242,2022-04-20
13553,8606,2022-04-20
12947,10059,2022-04-20
6549,18256,2022-04-20
8162,4299,2022-04-20
5233,83104,2022-04-20
921,3459,2022-04-21
12846,12773,2022-04-21
7673,4299,2022-04-21
9314,5798,2022-04-21
811,1852,2022-04-21
738,9536,2022-04-21
4829,20682,2022-04-21
2519,5254,2022-04-21
779,11409,2022-04-21
12249,5734,2022-04-21
2499,3613,2022-04-21
12497,11390,2022-04-26
10081,11739,2022-04-26
12399,3691,2022-04-26
1396,4112,2022-04-27
8150,5006,2022-04-27
7519,3598,2022-04-27
8827,836,2022-04-27
1026,6212,2022-04-27
9225,13707,2022-04-27
1002,7871,2022-04-27
9116,4654,2022-04-27
1685,3549,2022-04-27
9592,15972,2022-04-27
8156,3446,2022-04-27
12554,12153,2022-04-27
11075,2178,2022-04-27
3643,4760,2022-04-27
10592,3656,2022-04-27
9717,8146,2022-04-28
11048,5115,2022-04-28
12904,6953,2022-04-28
11040,11683,2022-04-28
11039,4810,2022-04-28
889,6510,2022-04-28
10226,10394,2022-04-28
12332,12100,2022-04-28
12897,9173,2022-04-28
13685,5349,2022-04-28
10215,13628,2022-04-28
7304,13805,2022-04-28
932,2534,2022-04-28
12955,2988,2022-06-14
9939,1785,2022-06-14
2236,13811,2022-06-14
11900,1358,2022-06-14
7622,7318,2022-06-14
7811,1447,2022-06-14
2173,23410,2022-06-14
3198,3678,2022-06-15
6062,6525,2022-06-15
11213,5210,2022-06-15
3776,5653,2022-06-15
9213,14598,2022-06-15
10816,5196,2022-06-15
3460,1169,2022-06-15
4353,3645,2022-06-15
9240,38074,2022-06-16
9242,13531,2022-06-16
2721,6270,2022-06-16
12187,3175,2022-06-16
9243,8395,2022-06-16
9543,24654,2022-06-16
13647,6202,2022-06-16
1242,2529,2022-06-16
11102,18180,2022-06-16
2119,5966,2022-06-21
5958,5910,2022-06-21
11096,12010,2022-06-21
12956,6055,2022-06-21
12190,45674,2022-06-22
4223,2486,2022-06-22
3555,16855,2022-06-22
3570,13297,2022-06-22
3560,12969,2022-06-22
11958,18047,2022-06-22
3705,11478,2022-06-22
12266,6175,2022-06-22
3706,7662,2022-06-22
3593,16760,2022-06-22
3704,14722,2022-06-22
8358,20880,2022-06-22
13185,5079,2022-06-22
3598,12806,2022-06-22
9362,3708,2022-06-22
9522,4073,2022-06-23
13340,11401,2022-06-23
1453,5602,2022-06-23
4719,6952,2022-06-23
9544,46100,2022-06-23
2105,26682,2022-06-23
11957,20728,2022-06-23
11848,3902,2022-06-23
3159,1526,2022-06-28
12140,7714,2022-06-28
5290,3103,2022-06-28
2051,36580,2022-06-28
9938,6429,2022-06-28
12481,3684,2022-06-28
1817,2550,2022-06-28
12482,3944,2022-06-28
2816,20786,2022-06-28
12864,22209,2022-06-28
12551,12830,2022-06-28
10034,43923,2022-06-29
12279,19307,2022-06-29
11100,15299,2022-06-29
7247,4529,2022-06-29
4152,2545,2022-06-29
1721,6600,2022-06-29
13339,21586,2022-06-29
10032,8795,2022-06-29
7248,3816,2022-06-29
11099,16220,2022-06-29
10033,13658,2022-06-29
10031,7655,2022-06-29
13350,3123,2022-06-29
11959,29895,2022-06-29
7834,4783,2022-06-30
3028,42072,2022-06-30
12189,11529,2022-06-30
12186,16260,2022-06-30
13338,14543,2022-06-30
12188,11460,2022-06-30
2208,18582,2022-07-26
5724,11188,2022-07-26
8228,5116,2022-07-26
526,2397,2022-07-26
525,2053,2022-07-26
8229,5625,2022-07-26
5305,3760,2022-07-26
8038,11309,2022-07-26
5301,4353,2022-07-26
9311,676,2022-07-26
2562,15554,2022-07-26
2561,17884,2022-07-26
136,8174,2022-07-26
10080,12851,2022-07-27
8039,11100,2022-07-27
6664,6393,2022-07-27
13264,31503,2022-07-27
13263,34547,2022-07-27
13300,1354,2022-07-27
2288,6279,2022-07-27
6665,6818,2022-07-27
11857,4274,2022-07-27
11838,11837,2022-07-27
3462,17660,2022-07-27
10733,1649,2022-07-27
7677,1617,2022-07-27
10732,2221,2022-07-27
12903,4830,2022-07-28
6849,19734,2022-07-28
4827,26459,2022-07-28
1114,2598,2022-07-28
1335,17115,2022-07-28
1124,3262,2022-07-28
4768,26030,2022-07-28
448,22559,2022-07-28
5272,11886,2022-07-28
161,12757,2022-07-28
12803,20608,2022-07-28
5270,10651,2022-07-28
5681,10164,2022-07-28
5183,20028,2022-07-28
2480,5971,2022-07-28
2479,3339,2022-07-28
12706,20525,2022-07-28
4779,21097,2022-07-28
10112,14406,2022-08-03
12191,13857,2022-08-03
10124,16822,2022-08-03
1086,9159,2022-08-03
12192,18209,2022-08-03
7770,9780,2022-08-03
4415,2349,2022-08-03
5948,7314,2022-08-09
3260,12498,2022-08-09
11903,10814,2022-08-09
5695,4014,2022-08-09
4115,4258,2022-08-09
11854,10442,2022-08-09
4349,25231,2022-08-09
5403,10819,2022-08-09
9317,14293,2022-08-09
3271,11734,2022-08-09
4345,24373,2022-08-09
3275,12402,2022-08-09
4339,49302,2022-08-09
4346,33336,2022-08-09
8520,64382,2022-08-10
10830,5384,2022-08-10
8501,53572,2022-08-10
8502,50610,2022-08-10
8498,56860,2022-08-10
2834,18361,2022-08-10
844,2990,2022-08-10
2836,15632,2022-08-10
3203,13434,2022-08-10
8935,3962,2022-08-10
3317,23294,2022-08-10
2845,19067,2022-08-10
13488,11904,2022-08-10
3517,6110,2022-08-10
10832,2576,2022-08-10
2842,19476,2022-08-10
13546,19533,2022-08-10
876,3987,2022-08-10
8529,59734,2022-08-10
13086,33406,2022-08-10
13085,15707,2022-08-10
205,4817,2022-08-10
272,6743,2022-08-10
3458,39527,2022-08-10
2381,16878,2022-08-10
9506,6074,2022-08-10
2092,4501,2022-08-10
2098,6420,2022-08-10
10258,4747,2022-08-10
10260,6664,2022-08-10
2737,4221,2022-08-10
12579,5530,2022-08-10
9503,3982,2022-08-10
10428,18642,2022-08-10
3692,2119,2022-08-10
9318,26257,2022-08-11
12155,2580,2022-08-11
12950,7917,2022-08-11
8047,13131,2022-08-11
5643,2287,2022-08-11
10963,652,2022-08-11
9895,6478,2022-08-11
121,2525,2022-08-11
1230,7576,2022-08-11
6730,19485,2022-08-11
8213,2755,2022-08-16
7851,8436,2022-08-16
3454,10099,2022-08-16
7855,4869,2022-08-16
13142,5528,2022-08-16
3478,13737,2022-08-16
7537,2025,2022-08-16
10149,19642,2022-08-16
3186,9261,2022-08-16
2720,1842,2022-08-16
11098,27321,2022-08-16
3457,10802,2022-08-16
10147,5875,2022-08-16
3176,10720,2022-08-16
4343,43212,2022-08-17
11909,23575,2022-08-17
4350,23395,2022-08-17
11905,8142,2022-08-17
11585,10186,2022-08-17
4888,15325,2022-08-17
5969,16089,2022-08-17
3503,11645,2022-08-17
4881,22088,2022-08-17
4902,18247,2022-08-17
10353,2725,2022-08-17
4341,30508,2022-08-17
7058,10978,2022-08-17
6463,6960,2022-08-17
13150,13358,2022-08-17
4939,21159,2022-08-17
2408,21763,2022-08-18
8531,59205,2022-08-18
2421,25462,2022-08-18
8533,55373,2022-08-18
8526,59806,2022-08-18
4352,3185,2022-08-18
11583,17639,2022-08-18
8582,60816,2022-08-18
7856,6998,2022-08-18
6409,6541,2022-08-18
2837,16089,2022-08-18
6183,3888,2022-08-18
8522,53988,2022-08-18
2360,23830,2022-08-18
4895,14846,2022-08-18
6305,7993,2022-08-18
7870,6998,2022-08-18
11847,5738,2022-08-18
13475,6043,2022-08-18
13578,447,2022-08-24
8323,1981,2022-08-24
9361,3537,2022-08-24
9740,5631,2022-08-31
13022,16808,2022-08-31
10604,1334,2022-08-31
621,11893,2022-08-31
7760,4203,2022-08-31
1877,5619,2022-08-31
11855,9541,2022-08-31
9663,9367,2022-08-31
578,4736,2022-09-06
10427,1997,2022-09-06
979,4978,2022-09-06
7268,43082,2022-09-06
1046,2920,2022-09-06
11060,3378,2022-09-06
13598,6571,2022-09-06
758,4080,2022-09-07
116,3379,2022-09-07
941,4780,2022-09-07
896,2067,2022-09-07
591,2788,2022-09-07
835,4321,2022-09-07
3578,15636,2022-09-07
983,2753,2022-09-07
906,5535,2022-09-07
959,4041,2022-09-07
1108,2273,2022-09-07
839,6100,2022-09-07
1206,17195,2022-09-08
1216,4249,2022-09-08
1280,3258,2022-09-08
7060,27068,2022-09-08
1856,5256,2022-09-08
1719,2525,2022-09-08
1820,1123,2022-09-08
1851,5027,2022-09-08
9349,16182,2022-09-08
2334,676,2022-09-08
11521,1485,2022-09-08
1506,2984,2022-09-08
1654,1047,2022-09-08
1578,2934,2022-09-08
1585,4309,2022-09-08
703,4889,2022-09-08
1583,3365,2022-09-08
1459,28906,2022-09-08
1575,1988,2022-09-08
1658,6012,2022-09-08
1531,5659,2022-09-08
1684,3481,2022-09-08
12534,3361,2022-09-13
1879,4928,2022-09-13
2532,1886,2022-09-13
2780,1465,2022-09-13
1951,843,2022-09-13
2490,2664,2022-09-13
2492,1067,2022-09-13
2470,13466,2022-09-13
2564,1655,2022-09-13
2785,3505,2022-09-13
2563,16383,2022-09-13
2797,7960,2022-09-13
2116,1810,2022-09-13
2870,5826,2022-09-14
2871,16570,2022-09-14
2782,2676,2022-09-14
2172,27364,2022-09-14
2806,893,2022-09-14
2684,3539,2022-09-14
2682,5982,2022-09-14
2900,5969,2022-09-15
12518,9571,2022-09-15
3059,13609,2022-09-15
2270,14797,2022-09-15
12580,6238,2022-09-15
2272,19846,2022-09-15
2748,1652,2022-09-15
3057,21005,2022-09-15
2552,15846,2022-09-15
3058,14196,2022-09-15
3056,12219,2022-09-15
2827,6004,2022-09-22
10044,17317,2022-09-22
6636,12014,2022-09-22
11985,8451,2022-09-22
9716,11789,2022-09-22
12618,6567,2022-10-25
4336,2030,2022-10-25
13463,23142,2022-10-25
13446,30627,2022-10-25
2817,19169,2022-10-25
9590,55944,2022-10-25
1633,3171,2022-10-25
2261,16801,2022-10-25
10890,13843,2022-10-26
4563,6373,2022-10-26
10959,22379,2022-10-26
13219,13015,2022-10-26
8404,2855,2022-10-26
7655,7636,2022-10-26
2154,4189,2022-10-26
12506,11828,2022-10-26
7846,5820,2022-10-26
1781,4702,2022-10-26
1470,26786,2022-10-26
9019,12103,2022-10-26
4577,2945,2022-10-27
12566,3069,2022-11-22
1553,13703,2022-11-22
9644,22152,2022-11-22
10439,5710,2022-11-22
13388,15992,2022-11-22
3649,1335,2022-11-22
6839,17907,2022-11-22
